customer_id,customer_name,email,registration_date,customer_type
1,Micheal Larsen,christina78@example.com,2025-12-29,VIP
2,Jeffrey Phillips,michelle68@example.net,2026-05-01,VIP
3,Latoya Perry,patricia61@example.com,2026-06-08,REGULAR
4,Bethany Santana,wanda38@example.com,2026-02-20,VIP
5,Ashley Harper,dianafischer@example.org,2024-01-12,PREMIUM
6,Amy Stark,rdavis@example.org,2025-01-09,VIP
7,Christopher Cox Jr.,lance86@example.net,2024-07-30,VIP
8,Scott Holmes,ferrellcharles@example.com,2026-06-15,VIP
9,Shawn Moore,chapmankyle@example.org,2024-05-26,PREMIUM
10,Janice Salas,uavila@example.com,2026-06-13,PREMIUM
11,Gina Wood,friedmanshaun@example.org,2025-09-11,VIP
12,Jonathan Greer,reyesmary@example.com,2024-08-15,PREMIUM
13,Leslie Krause,jacob29@example.com,2024-07-19,REGULAR
14,Loretta Graham,qalvarez@example.com,2023-10-25,PREMIUM
15,Ian Mcdonald,angelacoleman@example.org,2024-11-13,REGULAR
16,Jessica Berger,bwilliams@example.com,2023-07-25,PREMIUM
17,John Cruz,alyssa13@example.com,2025-04-21,VIP
18,Ricardo Perez,wstephens@example.org,2025-12-30,VIP
19,Anthony Davis,robertbennett@example.org,2024-03-29,VIP
20,Jessica Carrillo,rogerssandra@example.net,2023-08-30,REGULAR
21,Matthew Foley,pughterrance@example.com,2026-05-04,VIP
22,James Padilla,luceroamy@example.org,2025-09-20,REGULAR
23,Alexis Heath,andersongloria@example.org,2024-01-02,VIP
24,Amber Bowman,mooremichelle@example.net,2023-10-31,PREMIUM
25,Matthew Smith Jr.,ucoleman@example.net,2024-10-07,REGULAR
26,Donald Bishop,nmelton@example.org,2023-08-08,PREMIUM
27,Monique Snyder,henrysamantha@example.com,2025-04-07,REGULAR
28,Megan Baker,carolineallen@example.com,2024-12-26,VIP
29,Crystal Obrien,hayesjeremy@example.net,2023-12-27,REGULAR
30,Jordan Jackson,odavis@example.org,2024-12-10,PREMIUM
31,Todd Estrada,landrews@example.com,2025-07-29,REGULAR
32,John Holmes,chadgreen@example.com,2025-08-03,PREMIUM
33,Terry Ware,invalidemail.com,2023-11-10,VIP
34,Richard Riley,michael24@example.net,2024-10-27,REGULAR
35,Ryan Jackson,wlyons@example.org,2024-01-25,VIP
36,Brandon Hines,invalidemail.com,2026-05-09,REGULAR
37,Suzanne Fowler,bridgetpowell@example.net,2023-10-16,VIP
38,Heather Martinez,joseph01@example.net,2026-07-15,VIP
39,Molly Johnson,jessedickson@example.net,2025-09-05,PREMIUM
40,Richard Mcmahon,williamsmelissa@example.org,2025-01-16,REGULAR
41,Nicholas Rice,kristin95@example.org,2026-01-23,REGULAR
42,Patrick Sherman,williamselizabeth@example.org,2024-11-18,PREMIUM
43,Timothy Brown,kylie55@example.com,2025-03-13,VIP
44,Terri Owen MD,melissabridges@example.com,2024-10-10,VIP
45,Eddie Cox,michelle01@example.net,2025-09-23,REGULAR
46,Bobby Clark,mooreeric@example.com,2025-06-03,REGULAR
47,Brandon Gates,mooremichael@example.com,2023-11-15,PREMIUM
48,Thomas Reeves,laurennelson@example.org,2024-03-19,PREMIUM
49,Lisa Stevenson,williamsjessica@example.net,2024-11-12,VIP
50,Suzanne Welch,josephwall@example.org,2025-06-08,PREMIUM
51,Christopher Chavez,frichardson@example.com,2023-09-09,REGULAR
52,Anthony King,zgomez@example.org,2023-11-01,VIP
53,Michelle Frazier MD,caitlin17@example.net,2024-03-22,PREMIUM
54,Jennifer Harding,josephlong@example.org,2026-01-09,REGULAR
55,Amy Brown,stephen23@example.org,2025-11-30,PREMIUM
56,Dennis Hernandez,maxjones@example.org,2024-07-17,PREMIUM
57,Diane Sutton,sheltonkaren@example.org,2025-07-03,PREMIUM
58,Jessica Heath,michael04@example.org,2025-01-31,VIP
59,Tyler Reese,nzimmerman@example.net,2024-11-16,PREMIUM
60,Melissa Valentine,vrowland@example.org,2024-04-18,PREMIUM
61,Dwayne Jackson,wcantu@example.com,2025-07-23,REGULAR
62,Laurie Marshall,martinanthony@example.net,2025-12-02,VIP
63,Justin Wu,danielsmith@example.org,2026-05-11,VIP
64,Dakota Browning,anthonyrose@example.org,2026-01-20,REGULAR
65,Ellen Acevedo,invalidemail.com,2024-09-18,REGULAR
66,Sean Wagner MD,waltonmary@example.org,2025-10-09,REGULAR
67,Patrick Cruz,russell15@example.com,2025-11-07,VIP
68,Elizabeth Brown,chambersjames@example.org,2024-08-04,PREMIUM
69,Erik Ruiz,laura82@example.net,2025-12-17,VIP
70,Heather Skinner,woodsmariah@example.com,2025-06-04,VIP
71,Jeffrey Griffin,rushstephen@example.net,2024-11-11,VIP
72,Deborah Stewart,bonnie56@example.net,2026-07-16,PREMIUM
73,Susan Daugherty,enewton@example.org,2025-08-08,VIP
74,Courtney Anderson,christina03@example.com,2024-07-19,PREMIUM
75,Christina Riggs,jonathan69@example.net,2024-12-28,VIP
76,Robert Alvarado,margaret79@example.org,2023-10-16,PREMIUM
77,Suzanne Johnson,shanegomez@example.com,2024-10-26,REGULAR
78,Brittany Brooks,rjohnson@example.net,2024-11-27,VIP
79,Brittney Perez,joshua75@example.org,2026-06-09,PREMIUM
80,Eric Johnson,gregorybonnie@example.org,2024-02-28,PREMIUM
81,Sandra Cooke,sabrinakelley@example.net,2023-09-16,PREMIUM
82,Cindy Skinner,srobinson@example.org,2026-05-13,VIP
83,Angela West,christina59@example.com,2026-05-05,REGULAR
84,Douglas Jones,uperry@example.com,2025-05-06,PREMIUM
85,Jason Taylor,fmcdowell@example.net,2023-10-21,REGULAR
86,Tammy Singh,wpeters@example.com,2026-03-05,REGULAR
87,Richard Jackson,nlivingston@example.org,2023-08-02,REGULAR
88,Connie Baker,golson@example.com,2024-04-10,PREMIUM
89,James Scott,twillis@example.net,2025-06-19,VIP
90,Gary Leblanc,diana42@example.com,2023-08-24,PREMIUM
91,Alyssa Griffin,monica82@example.com,2023-10-13,REGULAR
92,Kathleen Juarez,burtoncolleen@example.com,2025-10-26,REGULAR
93,Hailey Garcia,ikaiser@example.com,2024-10-01,PREMIUM
94,Amanda Mata,wendy72@example.com,2024-07-02,REGULAR
95,Wendy Garcia,antonio79@example.org,2024-05-07,REGULAR
96,Christy Logan,david65@example.net,2026-02-11,VIP
97,Sean Rios,davidcampos@example.com,2026-06-25,VIP
98,David Hooper,tyler67@example.com,2025-07-06,PREMIUM
99,Nathaniel Williams,jasonsantana@example.com,2023-11-04,PREMIUM
100,Maria Adams,john26@example.com,2024-08-20,REGULAR
101,Deborah Greene MD,andrewwhite@example.org,2024-11-06,PREMIUM
102,Adam Sanchez,hansonmichael@example.net,2024-08-27,PREMIUM
103,Julia Davenport,kylegillespie@example.net,2023-11-19,REGULAR
104,Gregory Torres,dylangiles@example.com,2025-06-11,REGULAR
105,Victoria Fisher,joseph55@example.net,2025-05-18,REGULAR
106,Sara Sanchez,sanfordkayla@example.net,2026-03-27,PREMIUM
107,Theresa Jones,jennifer57@example.org,2025-01-02,PREMIUM
108,Morgan Spencer,christopher50@example.net,2023-09-23,PREMIUM
109,Jon Turner,wwelch@example.org,2026-01-04,REGULAR
110,Amanda Curry,joseph60@example.net,2024-07-07,PREMIUM
111,Lisa Cobb,invalidemail.com,2026-05-05,PREMIUM
112,Aaron Archer,caitlinguerrero@example.org,2024-06-13,REGULAR
113,Amy Taylor,ballardrichard@example.net,2023-08-15,VIP
114,Brian Martin,leejames@example.org,2024-09-08,VIP
115,Julie Jones,murphyedward@example.org,2026-05-22,VIP
116,Theresa Jenkins,patricia94@example.com,2024-02-08,VIP
117,Craig Campbell,smithdavid@example.com,2025-12-04,REGULAR
118,Nicholas Pena,jacob50@example.net,2024-06-18,VIP
119,Katherine Wheeler DDS,melanie53@example.net,2025-11-26,VIP
120,Robert Bishop,jerry13@example.net,2026-05-01,VIP
121,Rebecca Lopez,cstrong@example.org,2026-07-06,VIP
122,Susan Robinson,billygray@example.net,2023-11-14,PREMIUM
123,Madeline Washington,wendy81@example.com,2025-06-12,PREMIUM
124,Samuel Rogers,ashleyronald@example.org,2026-07-05,REGULAR
125,Angela Dillon,usanders@example.com,2024-01-04,VIP
126,Albert Miller,eatonmonica@example.net,2024-03-08,VIP
127,Kara Lucas,kmedina@example.net,2025-04-15,VIP
128,Virginia Robertson,harrisstephanie@example.org,2025-02-20,PREMIUM
129,Daniel Booth,mcintyreadam@example.net,2024-10-08,REGULAR
130,David Giles,jamiebrown@example.net,2026-03-22,PREMIUM
131,Megan Mclean,mberry@example.org,2025-07-16,VIP
132,Hannah Cooper,xgraham@example.org,2024-03-10,REGULAR
133,Andrew Stone,maddoxkelsey@example.net,2025-08-17,REGULAR
134,Michelle Francis,fcooper@example.org,2024-10-11,VIP
135,Nathaniel Rodgers,marcus53@example.com,2025-08-20,VIP
136,Jeffery Scott,courtney23@example.com,2025-12-03,PREMIUM
137,Leah Copeland,janet34@example.com,2025-10-16,VIP
138,Stephanie Short,sanchezkaren@example.com,2024-04-20,VIP
139,Cynthia Curry,lhall@example.org,2024-09-26,REGULAR
140,Ricky Peterson,irwinkaren@example.org,2026-04-14,REGULAR
141,Fernando Estes,frank22@example.net,2023-09-30,PREMIUM
142,Benjamin Murphy,jacksonmarcus@example.net,2024-10-25,PREMIUM
143,Faith Miller,imiller@example.org,2024-07-15,REGULAR
144,Kyle Vega,matthew70@example.org,2024-10-20,REGULAR
145,Allison Lynch,thompsonelizabeth@example.net,2026-02-01,VIP
146,Michael Sullivan,chelsea05@example.org,2023-12-15,VIP
147,Pamela Reilly,mark86@example.com,2023-08-07,VIP
148,Michael Jackson,amyramsey@example.com,2024-12-03,REGULAR
149,Kim Nelson,nicole22@example.net,2025-12-27,REGULAR
150,Daniel Smith,daniel01@example.org,2026-04-14,PREMIUM
151,Victoria Todd,christinecoleman@example.org,2026-07-16,VIP
152,Jason Moore,kelly50@example.net,2026-02-13,VIP
153,Dr. Gregory Willis III,lisajones@example.org,2026-01-03,REGULAR
154,Christina Holland,luisberger@example.net,2024-06-07,PREMIUM
155,Haley Snyder,catherine55@example.com,2026-07-16,VIP
156,Samuel Curtis,curtismoore@example.com,2026-04-21,REGULAR
157,Charles Barron,vaughanpatricia@example.com,2024-03-12,VIP
158,Joanna Clark,john51@example.org,2025-11-08,PREMIUM
159,Angela Evans,oscar99@example.net,2025-11-14,PREMIUM
160,Deanna Dixon,stricklandsheila@example.net,2024-05-03,REGULAR
161,Lauren Hanna,invalidemail.com,2024-12-02,PREMIUM
162,Brian Faulkner,fcraig@example.net,2023-09-07,REGULAR
163,Suzanne Neal,ustephenson@example.org,2025-07-25,VIP
164,Gina Lee,heatherholmes@example.net,2024-10-21,PREMIUM
165,Tammie Morrow,iroberson@example.com,2023-09-08,REGULAR
166,Andrew Cooper,kbrown@example.net,2025-11-24,REGULAR
167,Ryan Smith MD,craigrios@example.com,2026-02-27,REGULAR
168,James Mendoza,lwilliams@example.net,2026-06-20,VIP
169,Brian Wells,sandracarter@example.com,2024-07-25,PREMIUM
170,Sheila Thomas,carolyn41@example.com,2023-12-10,PREMIUM
171,Jordan Henry,josephbutler@example.com,2025-12-02,REGULAR
172,Stephanie Adams,heather07@example.org,2023-07-28,REGULAR
173,Mark Brown,davishaley@example.net,2025-02-12,PREMIUM
174,Jay Nicholson,lsmith@example.com,2025-02-17,REGULAR
175,Brittany Cross,gibsoncharles@example.net,2025-04-10,PREMIUM
176,Erica May,kaitlyn32@example.com,2024-04-10,PREMIUM
177,Sharon Lewis,melissamartinez@example.com,2024-09-09,REGULAR
178,Andrew Robinson,vhouse@example.org,2025-06-13,PREMIUM
179,Dana Molina,robert52@example.org,2023-08-23,VIP
180,David Watson,tdiaz@example.com,2024-10-17,PREMIUM
181,Lisa Mays,dylanjefferson@example.org,2025-10-28,VIP
182,Bradley Barajas,stephanie35@example.net,2023-11-27,PREMIUM
183,Antonio Bowman,loganpena@example.org,2024-06-07,REGULAR
184,Mr. Rodney Taylor,catherine01@example.net,2024-08-04,VIP
185,Sheila Ramsey,invalidemail.com,2024-01-11,PREMIUM
186,Lindsey Yang,invalidemail.com,2026-01-19,VIP
187,Bruce Warren,melindanelson@example.org,2025-05-13,PREMIUM
188,Mr. Michael Crane DDS,lucas74@example.org,2024-06-13,PREMIUM
189,Brandy Hebert,mcgeejimmy@example.com,2025-06-07,REGULAR
190,Carolyn Turner,michael09@example.com,2025-10-08,VIP
191,Laura Conway,anna40@example.net,2026-07-11,PREMIUM
192,Kenneth Smith,perezrebecca@example.org,2025-05-11,VIP
193,Emily Johnson,francisjonathan@example.com,2025-01-05,PREMIUM
194,Matthew Jones,courtneygutierrez@example.org,2024-11-10,PREMIUM
195,Sara Carlson,timothy81@example.org,2025-07-22,PREMIUM
196,Catherine Sanders,scottdavis@example.net,2024-02-05,REGULAR
197,Edward Williams,brandonheath@example.org,2024-08-17,VIP
198,Steven Hernandez,lamalexander@example.org,2026-07-05,VIP
199,Traci Owens,seanacosta@example.com,2024-08-14,REGULAR
200,Melissa Finley,allenmoore@example.com,2025-02-23,PREMIUM
201,Jaime Webb,cmyers@example.net,2024-05-11,PREMIUM
202,Sarah Neal,debra51@example.org,2024-04-02,REGULAR
203,Joshua Jackson,robin13@example.com,2025-09-03,VIP
204,Jennifer Underwood,autumn59@example.net,2024-06-09,VIP
205,Joshua Contreras,kristinanelson@example.net,2023-09-03,VIP
206,Melissa Brown,timothy65@example.net,2025-06-02,REGULAR
207,Mrs. Claudia Jacobson,sarahhale@example.org,2026-04-08,PREMIUM
208,William Hansen,hayley24@example.org,2023-08-30,REGULAR
209,Curtis Jenkins,khamilton@example.com,2024-12-11,REGULAR
210,Shari Newton,david32@example.org,2026-06-02,PREMIUM
211,Jonathon Reed,andrew56@example.net,2024-01-01,PREMIUM
212,Johnny Shannon,iramirez@example.com,2024-08-06,PREMIUM
213,Cassandra Gonzalez,hurleycody@example.com,2024-08-31,VIP
214,Deanna Joseph,krystalsmith@example.com,2025-11-14,PREMIUM
215,Cheryl Pearson,ichavez@example.com,2025-08-06,REGULAR
216,Amanda Mcclure,lisa89@example.net,2025-07-23,REGULAR
217,Maria Robinson,invalidemail.com,2024-10-20,PREMIUM
218,Erik Mora,anne47@example.net,2026-06-21,VIP
219,Joy Huffman,ashleyschmidt@example.com,2024-08-17,PREMIUM
220,Katherine Hudson,ericabrown@example.org,2024-11-18,PREMIUM
221,Tiffany Taylor,awilliams@example.com,2025-05-10,REGULAR
222,Rhonda Barrett,brenda17@example.org,2025-02-07,PREMIUM
223,Ann Alexander,mitchellmeredith@example.org,2025-07-11,VIP
224,Jessica Thompson,birdkayla@example.net,2025-11-04,REGULAR
225,Stephanie Russell,bjennings@example.com,2025-05-29,REGULAR
226,Elizabeth Hunter,logan77@example.net,2024-01-09,PREMIUM
227,Jeffrey Williams,gabriellesmith@example.com,2024-11-28,VIP
228,Christine Ward,luissnyder@example.net,2024-09-04,VIP
229,Christopher Hill,smithfelicia@example.org,2024-04-12,PREMIUM
230,Dr. William Campbell PhD,ohoward@example.com,2024-04-23,VIP
231,Courtney Scott,robert99@example.com,2025-09-23,PREMIUM
232,Daniel Henry,yoderchristina@example.com,2023-12-21,REGULAR
233,Nathan Freeman,marycarlson@example.org,2023-10-28,VIP
234,Darren Perez,jennifer24@example.com,2024-06-01,REGULAR
235,Mary Thomas,jamesrichard@example.net,2024-07-16,PREMIUM
236,Lindsay Shaw,michaelhogan@example.org,2026-02-11,REGULAR
237,Danielle Hall,millerrebecca@example.org,2025-05-14,REGULAR
238,Andrew Garrett,melinda91@example.net,2024-08-13,REGULAR
239,Rodney Rose,gfleming@example.net,2025-07-24,PREMIUM
240,David Harris,hcarroll@example.com,2026-04-05,VIP
241,Lawrence Kennedy,salazaranthony@example.com,2024-09-14,VIP
242,Ryan Ramos,peterkim@example.net,2025-08-10,VIP
243,Krista Jones,iblevins@example.org,2025-12-16,VIP
244,David Rangel,samantha62@example.net,2025-07-20,VIP
245,Amanda Brown,deborahtorres@example.net,2024-09-04,PREMIUM
246,Angela Jones,ostone@example.com,2026-01-10,REGULAR
247,Ralph Parker,sanchezjessica@example.org,2025-05-08,PREMIUM
248,Sarah Thompson,danielreyes@example.net,2024-03-09,PREMIUM
249,Raven Rios,nclark@example.org,2025-01-25,VIP
250,James Scott,zwhite@example.com,2025-06-07,VIP
251,Michelle Collins,adriennechavez@example.com,2024-12-19,REGULAR
252,Andrew Hahn,williamsbrandon@example.com,2026-03-02,PREMIUM
253,Kirsten Medina,frank58@example.org,2025-09-15,REGULAR
254,Paul Velazquez,christophernorris@example.com,2024-06-16,VIP
255,Nicholas Smith,amberedwards@example.com,2024-08-24,VIP
256,Rachel Krause,robert54@example.net,2024-10-19,REGULAR
257,Haley Ortiz,russell97@example.org,2023-08-07,PREMIUM
258,Christina Burns,santhony@example.org,2023-11-06,PREMIUM
259,Eddie Ramos,smithmary@example.com,2026-06-19,PREMIUM
260,Christopher Bowen,invalidemail.com,2023-12-29,VIP
261,Calvin French,jacksonmichael@example.org,2025-12-01,PREMIUM
262,David Cummings,matthewsemma@example.com,2023-07-29,PREMIUM
263,Melissa Peterson,timothy31@example.org,2026-03-09,PREMIUM
264,Joseph Miller,qdominguez@example.com,2025-06-21,PREMIUM
265,Michael Bruce,michaelward@example.org,2026-04-07,REGULAR
266,Brandon Armstrong,samantha75@example.org,2024-02-16,VIP
267,Amy Cortez,steven00@example.com,2025-02-16,VIP
268,Albert Miranda MD,annewilkinson@example.org,2024-10-21,PREMIUM
269,Sherry Burns,phillipgonzales@example.net,2025-05-29,REGULAR
270,Michael Flores,ricemariah@example.com,2023-09-08,VIP
271,Angela Hayes,coreyalexander@example.net,2024-10-01,PREMIUM
272,Austin Salazar,terry19@example.org,2023-10-24,REGULAR
273,Craig Morales,kellyjenna@example.com,2024-12-01,PREMIUM
274,Gabriel Moore,davidfrazier@example.net,2024-05-21,PREMIUM
275,Ryan Peterson,kellydestiny@example.org,2025-01-11,PREMIUM
276,Melissa Perez,qtate@example.com,2023-07-22,VIP
277,Meredith Figueroa,suzannebrock@example.net,2025-04-30,REGULAR
278,Lori Cooper,natashalawrence@example.com,2026-06-25,REGULAR
279,Gregory Allen,kimberly32@example.org,2026-07-12,PREMIUM
280,Kelly Nichols,james46@example.org,2025-11-25,PREMIUM
281,David Jones,stonechristopher@example.com,2024-12-02,REGULAR
282,Sandra Conrad,michael94@example.com,2026-03-04,REGULAR
283,Michelle Avery,lfrey@example.com,2023-11-22,REGULAR
284,Nathaniel Simmons,zgonzalez@example.com,2025-02-20,PREMIUM
285,Terry Ruiz,clarkcheryl@example.com,2026-03-29,VIP
286,Erica Patterson,lisa45@example.net,2024-11-19,REGULAR
287,Joseph May,woodardjoseph@example.com,2025-05-28,VIP
288,Felicia Carr,alvarezsamuel@example.net,2024-04-27,PREMIUM
289,John Velasquez,dstewart@example.net,2024-05-12,PREMIUM
290,Gina Aguilar,pgardner@example.com,2023-11-04,PREMIUM
291,Erin Morrison,jsweeney@example.org,2025-03-25,PREMIUM
292,Kevin Hernandez,adriana07@example.org,2026-03-09,PREMIUM
293,Lori Escobar,aaronwilson@example.org,2023-12-15,PREMIUM
294,Jessica Garcia,gbenton@example.com,2026-02-28,PREMIUM
295,Melissa Dalton,qthomas@example.org,2023-10-31,VIP
296,Erika Bennett,medinateresa@example.com,2023-09-10,PREMIUM
297,Kelsey James,invalidemail.com,2025-04-17,REGULAR
298,Jennifer Vasquez,brownalexis@example.net,2023-11-19,REGULAR
299,James Henson,williamsjessica@example.com,2024-12-30,PREMIUM
300,Mary Hampton,gsparks@example.org,2023-09-12,PREMIUM
301,Michele Steele,ghernandez@example.net,2026-03-15,REGULAR
302,Danielle Jenkins,bowersmelissa@example.com,2024-09-30,VIP
303,Rebecca Woods,waltonheidi@example.com,2024-07-25,VIP
304,Patricia Short,zgardner@example.org,2023-09-24,PREMIUM
305,Joshua Wise,riverasarah@example.net,2024-12-15,PREMIUM
306,Kimberly Gilbert,alicia35@example.com,2024-03-24,VIP
307,Christopher Evans,fergusongregory@example.com,2025-11-07,REGULAR
308,Kara Marshall,jennifer70@example.net,2023-12-07,REGULAR
309,David Atkinson MD,douglasflores@example.com,2026-02-21,PREMIUM
310,Melody Mitchell,timothyflores@example.net,2025-06-07,VIP
311,Robert Johnson,arnoldchristine@example.net,2024-03-30,REGULAR
312,Robert Castro,lindsaymartinez@example.com,2025-10-17,VIP
313,Ernest Jacobs,jonesandrew@example.com,2025-10-16,PREMIUM
314,Ronald Pace,vphillips@example.com,2026-02-07,PREMIUM
315,Michael Day,eryan@example.com,2025-02-21,REGULAR
316,Mia Gross,kortega@example.org,2026-04-19,REGULAR
317,Katherine Myers,donna69@example.org,2026-02-06,REGULAR
318,Mr. Christopher Miller DDS,christopher62@example.net,2024-12-04,VIP
319,Destiny Ross,carol23@example.net,2025-01-31,REGULAR
320,Nancy Baker,devin37@example.com,2023-11-24,REGULAR
321,Kenneth Carlson,edennis@example.org,2023-10-07,VIP
322,Angel Benitez,ruth46@example.org,2026-05-31,VIP
323,Erin Gutierrez,mejiastephanie@example.org,2026-02-06,PREMIUM
324,Kevin Griffith,jennifer78@example.com,2024-08-19,REGULAR
325,Jenna Sandoval,ahenderson@example.net,2025-02-01,PREMIUM
326,Stephanie Johnson,iandrews@example.org,2024-09-23,VIP
327,Steven Adams,brendastone@example.org,2024-09-12,REGULAR
328,Kevin Ward,estephens@example.com,2026-06-10,VIP
329,Mckenzie Smith,jessica53@example.org,2026-04-01,VIP
330,Christopher Dean,harringtonjeremy@example.net,2024-05-13,PREMIUM
331,Spencer Moreno,ydavis@example.com,2024-01-03,VIP
332,Beth Turner,ybenitez@example.org,2023-12-22,REGULAR
333,Mrs. Audrey Mason,marcus61@example.net,2024-10-24,VIP
334,Rebecca Robinson,davenportapril@example.net,2023-08-06,PREMIUM
335,Victoria Figueroa,patricia58@example.net,2024-03-17,VIP
336,Barbara Torres,dawsondenise@example.com,2026-06-15,REGULAR
337,Maria Jackson,pharrison@example.org,2023-12-24,REGULAR
338,Chloe Davis,jamesboyer@example.net,2025-03-03,PREMIUM
339,Erik Medina,chad76@example.com,2025-05-22,VIP
340,Roy Bailey,deannabrown@example.com,2025-03-29,PREMIUM
341,Jackie Elliott,rebeccabriggs@example.org,2024-07-27,VIP
342,Victoria Wade,curtisamy@example.net,2025-09-08,PREMIUM
343,Sean Collins,hfernandez@example.org,2025-10-15,REGULAR
344,Joshua Guzman,alisha77@example.com,2025-12-01,PREMIUM
345,Stacy Morales,todd46@example.com,2024-03-03,VIP
346,Erin Pugh,haileytate@example.org,2024-01-08,REGULAR
347,Andrea Davis,jessicahenson@example.net,2024-08-17,PREMIUM
348,Anthony Shaw,xhorn@example.net,2025-10-31,REGULAR
349,Matthew Knight,benjamin74@example.net,2024-09-24,VIP
350,David Miller,caseygood@example.org,2026-06-13,VIP
351,Beth Salazar,kaylaschultz@example.org,2025-03-21,REGULAR
352,Christopher Wolfe,evan04@example.org,2024-02-21,REGULAR
353,Michelle Ramirez,michaelray@example.com,2023-09-27,PREMIUM
354,Richard Oliver,kelly45@example.net,2024-04-16,VIP
355,Mark Turner,ramosdevin@example.net,2023-11-17,VIP
356,Eric Yates,kimberlygreene@example.net,2026-04-11,VIP
357,Sarah Butler,marycummings@example.net,2023-09-25,PREMIUM
358,Joshua Gilmore,michael70@example.org,2025-04-07,REGULAR
359,Teresa Robinson,mcknightsandy@example.org,2026-02-25,VIP
360,Ronald Blake,jennifermeyer@example.org,2025-03-06,REGULAR
361,Amanda Chandler,perezseth@example.org,2023-10-08,REGULAR
362,Anne Greene,lwilliams@example.com,2023-08-23,REGULAR
363,Tonya Wise,kristengreene@example.net,2023-12-19,VIP
364,Jonathan Webb,qchapman@example.net,2023-08-09,PREMIUM
365,Stephanie Briggs,emilymcdonald@example.org,2024-02-26,VIP
366,Anna Flynn,dperez@example.net,2025-08-15,VIP
367,Sarah White,zwhite@example.org,2024-07-16,VIP
368,Craig Jackson,harold01@example.net,2023-12-09,REGULAR
369,Sean Walsh,katrina23@example.net,2025-12-08,PREMIUM
370,Lydia Brown,rowerobert@example.com,2025-09-11,VIP
371,Alexander Thomas,victoriariley@example.net,2026-07-02,VIP
372,Brenda Russell,ashleymann@example.com,2026-06-07,PREMIUM
373,Vicki Wheeler,orodriguez@example.net,2025-02-22,REGULAR
374,John Jenkins,matthewsarthur@example.org,2025-08-17,PREMIUM
375,David Mueller,lindsaywallace@example.org,2025-10-12,VIP
376,Ashley Jones,tberry@example.net,2025-05-14,REGULAR
377,John Huff,michelle52@example.com,2025-06-02,PREMIUM
378,Diana Murphy,jcunningham@example.org,2025-06-27,REGULAR
379,Matthew Davis,arthur51@example.org,2024-06-09,PREMIUM
380,Nicole Martin,jason84@example.org,2023-12-30,REGULAR
381,Susan Ortiz,byrdcaleb@example.net,2023-10-01,VIP
382,Christopher Chavez,kguerra@example.org,2024-03-29,REGULAR
383,Gina Bell,pricetravis@example.com,2025-06-19,PREMIUM
384,Michael Mcgee,barrettbrian@example.org,2025-02-03,PREMIUM
385,Roberto Faulkner,curtisbetty@example.org,2023-12-03,VIP
386,Lorraine Clark,vincent53@example.com,2025-04-23,PREMIUM
387,Amber Stewart,carolinepalmer@example.com,2026-05-22,VIP
388,Duane Hogan,stevensalyssa@example.com,2023-12-08,VIP
389,Anthony Sullivan,ythomas@example.net,2024-08-11,PREMIUM
390,Sheri Anderson,bfriedman@example.net,2024-02-19,PREMIUM
391,Suzanne Ponce,lisa83@example.net,2026-05-20,PREMIUM
392,Jessica Mccoy,davischad@example.net,2026-05-02,REGULAR
393,Jennifer Mcneil,smithcandace@example.org,2025-04-14,PREMIUM
394,Jasmine Stanley,james52@example.net,2024-11-10,REGULAR
395,Rachel Perez,kevin53@example.net,2023-07-24,VIP
396,Angel Perez,jessicamcdonald@example.org,2024-05-01,PREMIUM
397,Thomas Simmons,mclaughlinchristopher@example.net,2026-02-22,REGULAR
398,Gary Murphy,joan61@example.org,2025-11-16,REGULAR
399,Caitlin Diaz,andreapatel@example.net,2026-06-13,REGULAR
400,Brian Snow,ffisher@example.org,2025-10-26,VIP
401,Charles Best,rwest@example.org,2025-06-23,REGULAR
402,Jennifer Cook,pamela51@example.com,2026-01-14,REGULAR
403,Jennifer Quinn,rebeccawashington@example.com,2025-01-23,PREMIUM
404,Christian Phelps,serranomiranda@example.org,2025-07-06,VIP
405,Amy Robinson,jonesgary@example.com,2026-04-11,REGULAR
406,John Silva,wadestephen@example.com,2025-10-11,REGULAR
407,Nicholas Fleming,paige90@example.net,2025-03-26,VIP
408,Kelsey Montgomery,barbaramorgan@example.com,2024-08-23,REGULAR
409,Jessica Garcia,stantonzachary@example.org,2025-01-15,PREMIUM
410,Ronald Santiago,amandacook@example.com,2024-12-22,PREMIUM
411,Frank Burton,ucarroll@example.com,2026-02-25,REGULAR
412,Emily Ward,justin01@example.net,2024-12-03,VIP
413,Kenneth Miller,whitney74@example.com,2024-07-21,PREMIUM
414,Johnathan Morrison,smithedward@example.org,2025-01-30,VIP
415,Wayne Evans,rebeccahayes@example.com,2024-10-15,REGULAR
416,Kristina Wood,acevedoashley@example.net,2024-03-31,REGULAR
417,Mark Miller,gonzalesmichael@example.com,2024-06-07,PREMIUM
418,Gary Morrison,reginaarmstrong@example.com,2023-12-29,PREMIUM
419,Roberto Jimenez,anna00@example.org,2024-08-21,VIP
420,Michael Webster,arthurjackson@example.org,2026-05-10,PREMIUM
421,Gabrielle Garner,jenniferbowers@example.net,2025-03-26,PREMIUM
422,Kyle Harrington,marthareed@example.com,2025-11-30,REGULAR
423,Linda Marsh,rojasjuan@example.net,2025-09-21,VIP
424,Nathaniel Sandoval,patrick44@example.net,2025-08-26,REGULAR
425,Karen Ayers,mbarber@example.com,2024-05-26,PREMIUM
426,Thomas Steele,ocox@example.com,2026-06-02,VIP
427,Kimberly Holmes,ravenbrown@example.com,2024-12-06,REGULAR
428,Joseph Jensen,gordoncrystal@example.com,2025-08-31,REGULAR
429,Christopher Rogers,melissabarnes@example.org,2025-10-13,REGULAR
430,Janet Torres,jnelson@example.net,2026-02-18,REGULAR
431,Nicole Russo,mclaughlinsarah@example.org,2023-08-12,REGULAR
432,Jason Sampson,bowmantaylor@example.net,2026-04-30,REGULAR
433,Carly Parker,dmathews@example.net,2024-12-14,VIP
434,Heather James,lewischad@example.com,2025-03-26,PREMIUM
435,Jason Bruce,rossmatthew@example.net,2023-10-16,REGULAR
436,Cody Ramirez,melissawilliams@example.org,2024-11-04,REGULAR
437,Sara Ortega,vaughangary@example.org,2024-09-25,REGULAR
438,Herbert Gilmore,marycopeland@example.com,2023-12-26,REGULAR
439,Daniel Wells,umartinez@example.net,2026-03-11,REGULAR
440,Peter Davis,billymiranda@example.net,2024-01-12,REGULAR
441,Paula Beltran,batesmadison@example.org,2025-09-10,PREMIUM
442,Victor Patton,megan26@example.org,2024-01-10,PREMIUM
443,Pamela Flowers,nicholas11@example.com,2025-05-12,PREMIUM
444,Jessica Hopkins,fryekathleen@example.com,2024-02-20,VIP
445,Helen Brown,travis77@example.org,2024-06-30,VIP
446,Taylor Monroe,brenda11@example.net,2024-02-18,REGULAR
447,William Krause,miguel53@example.org,2025-10-04,VIP
448,Joshua Parsons,nhartman@example.com,2025-02-10,VIP
449,Laura Diaz,katherine42@example.org,2025-02-11,PREMIUM
450,Antonio Morris,dennis90@example.org,2024-03-12,PREMIUM
451,Todd Ramos,rpoole@example.org,2026-06-02,REGULAR
452,Michael Martinez,coopertaylor@example.com,2023-12-20,REGULAR
453,Brett Harris,ipratt@example.com,2024-11-17,REGULAR
454,Fernando Lee,gjackson@example.com,2024-12-02,PREMIUM
455,Elizabeth Jones,rebecca26@example.net,2024-06-24,REGULAR
456,Taylor Christensen,fmcdonald@example.com,2024-08-22,VIP
457,Curtis Johnson,megan24@example.com,2025-03-21,REGULAR
458,Brady Miller DDS,sara75@example.com,2025-05-09,PREMIUM
459,Theresa Burns,esoto@example.net,2026-01-24,REGULAR
460,Lindsey Ewing,allisonwalker@example.org,2026-02-24,PREMIUM
461,Anna Stephens,barbercollin@example.net,2023-11-09,VIP
462,Michele Russell,roberttaylor@example.com,2025-09-18,REGULAR
463,Nancy Roy,kaguilar@example.org,2026-03-19,REGULAR
464,Sabrina Meyer,michael67@example.com,2026-02-03,REGULAR
465,Aaron Chavez,leejonathan@example.net,2025-08-03,VIP
466,Casey Johnson,etorres@example.org,2024-02-14,REGULAR
467,Mrs. Karen Perry,kimberly66@example.org,2024-12-08,REGULAR
468,Donald Morris,jessicagardner@example.net,2024-08-22,REGULAR
469,Sarah Hernandez,muellermary@example.com,2024-08-02,REGULAR
470,Jennifer Garcia,muellersherry@example.com,2024-03-18,REGULAR
471,Brandon Rivera,anthonyjason@example.org,2025-11-15,PREMIUM
472,Robert Stephens,iclark@example.org,2026-05-14,PREMIUM
473,Sharon Sutton,brivas@example.com,2025-04-03,VIP
474,Jack Morales,watsonsara@example.net,2023-08-22,PREMIUM
475,John Kerr,christianjensen@example.net,2024-04-22,REGULAR
476,Stephen Griffin,tommybradley@example.com,2024-07-09,PREMIUM
477,Ronald Walker,rebecca14@example.org,2025-12-10,VIP
478,Nicholas Archer,julia74@example.com,2025-06-19,REGULAR
479,Thomas Cooley,katiewilcox@example.org,2024-11-21,PREMIUM
480,Maria Hinton,oball@example.net,2024-06-17,VIP
481,Patricia Swanson,richardvasquez@example.org,2025-01-02,REGULAR
482,Dustin Nguyen,xsilva@example.org,2024-07-08,REGULAR
483,Michael Hall,cynthia91@example.net,2026-06-07,PREMIUM
484,Donald Lane,garciabilly@example.net,2024-02-18,REGULAR
485,Mr. Brian Anderson,dylanrodgers@example.org,2025-08-19,REGULAR
486,Ruth Thompson,dnicholson@example.net,2023-07-23,VIP
487,Justin Johnson,eric09@example.net,2025-09-25,PREMIUM
488,Darren Garrison,jessicaadams@example.com,2024-10-11,PREMIUM
489,Andrew Walker,davislacey@example.net,2026-03-11,REGULAR
490,Christina Callahan,oliviaphillips@example.net,2025-10-17,PREMIUM
491,Cindy Kelly,znunez@example.net,2025-04-20,VIP
492,Holly Case,ortizthomas@example.net,2023-12-01,PREMIUM
493,George Wagner,david88@example.com,2024-01-21,REGULAR
494,Christian Bennett,victoriajenkins@example.org,2023-11-08,REGULAR
495,Katherine Johnson,simmonsjoshua@example.net,2023-08-06,PREMIUM
496,Anne Hogan,toni12@example.org,2023-08-16,PREMIUM
497,Heather Bell,rebekah19@example.net,2026-01-06,REGULAR
498,Jeffrey Green,benjamin98@example.net,2025-07-16,VIP
499,Jared Simmons,sdavis@example.net,2024-10-22,REGULAR
500,Matthew Cuevas,antoniofarmer@example.net,2025-10-13,REGULAR
