customer_id,customer_name,email,registration_date,customer_type,email_valid
1,Micheal Larsen,christina78@example.com,2025-12-29,VIP,True
2,Jeffrey Phillips,michelle68@example.net,2026-05-01,VIP,True
3,Latoya Perry,patricia61@example.com,2026-06-08,REGULAR,True
4,Bethany Santana,wanda38@example.com,2026-02-20,VIP,True
5,Ashley Harper,dianafischer@example.org,2024-01-12,PREMIUM,True
6,Amy Stark,rdavis@example.org,2025-01-09,VIP,True
7,Christopher Cox Jr.,lance86@example.net,2024-07-30,VIP,True
8,Scott Holmes,ferrellcharles@example.com,2026-06-15,VIP,True
9,Shawn Moore,chapmankyle@example.org,2024-05-26,PREMIUM,True
10,Janice Salas,uavila@example.com,2026-06-13,PREMIUM,True
11,Gina Wood,friedmanshaun@example.org,2025-09-11,VIP,True
12,Jonathan Greer,reyesmary@example.com,2024-08-15,PREMIUM,True
13,Leslie Krause,jacob29@example.com,2024-07-19,REGULAR,True
14,Loretta Graham,qalvarez@example.com,2023-10-25,PREMIUM,True
15,Ian Mcdonald,angelacoleman@example.org,2024-11-13,REGULAR,True
16,Jessica Berger,bwilliams@example.com,2023-07-25,PREMIUM,True
17,John Cruz,alyssa13@example.com,2025-04-21,VIP,True
18,Ricardo Perez,wstephens@example.org,2025-12-30,VIP,True
19,Anthony Davis,robertbennett@example.org,2024-03-29,VIP,True
20,Jessica Carrillo,rogerssandra@example.net,2023-08-30,REGULAR,True
21,Matthew Foley,pughterrance@example.com,2026-05-04,VIP,True
22,James Padilla,luceroamy@example.org,2025-09-20,REGULAR,True
23,Alexis Heath,andersongloria@example.org,2024-01-02,VIP,True
24,Amber Bowman,mooremichelle@example.net,2023-10-31,PREMIUM,True
25,Matthew Smith Jr.,ucoleman@example.net,2024-10-07,REGULAR,True
26,Donald Bishop,nmelton@example.org,2023-08-08,PREMIUM,True
27,Monique Snyder,henrysamantha@example.com,2025-04-07,REGULAR,True
28,Megan Baker,carolineallen@example.com,2024-12-26,VIP,True
29,Crystal Obrien,hayesjeremy@example.net,2023-12-27,REGULAR,True
30,Jordan Jackson,odavis@example.org,2024-12-10,PREMIUM,True
31,Todd Estrada,landrews@example.com,2025-07-29,REGULAR,True
32,John Holmes,chadgreen@example.com,2025-08-03,PREMIUM,True
33,Terry Ware,invalidemail.com,2023-11-10,VIP,False
34,Richard Riley,michael24@example.net,2024-10-27,REGULAR,True
35,Ryan Jackson,wlyons@example.org,2024-01-25,VIP,True
36,Brandon Hines,invalidemail.com,2026-05-09,REGULAR,False
37,Suzanne Fowler,bridgetpowell@example.net,2023-10-16,VIP,True
38,Heather Martinez,joseph01@example.net,2026-07-15,VIP,True
39,Molly Johnson,jessedickson@example.net,2025-09-05,PREMIUM,True
40,Richard Mcmahon,williamsmelissa@example.org,2025-01-16,REGULAR,True
41,Nicholas Rice,kristin95@example.org,2026-01-23,REGULAR,True
42,Patrick Sherman,williamselizabeth@example.org,2024-11-18,PREMIUM,True
43,Timothy Brown,kylie55@example.com,2025-03-13,VIP,True
44,Terri Owen MD,melissabridges@example.com,2024-10-10,VIP,True
45,Eddie Cox,michelle01@example.net,2025-09-23,REGULAR,True
46,Bobby Clark,mooreeric@example.com,2025-06-03,REGULAR,True
47,Brandon Gates,mooremichael@example.com,2023-11-15,PREMIUM,True
48,Thomas Reeves,laurennelson@example.org,2024-03-19,PREMIUM,True
49,Lisa Stevenson,williamsjessica@example.net,2024-11-12,VIP,True
50,Suzanne Welch,josephwall@example.org,2025-06-08,PREMIUM,True
51,Christopher Chavez,frichardson@example.com,2023-09-09,REGULAR,True
52,Anthony King,zgomez@example.org,2023-11-01,VIP,True
53,Michelle Frazier MD,caitlin17@example.net,2024-03-22,PREMIUM,True
54,Jennifer Harding,josephlong@example.org,2026-01-09,REGULAR,True
55,Amy Brown,stephen23@example.org,2025-11-30,PREMIUM,True
56,Dennis Hernandez,maxjones@example.org,2024-07-17,PREMIUM,True
57,Diane Sutton,sheltonkaren@example.org,2025-07-03,PREMIUM,True
58,Jessica Heath,michael04@example.org,2025-01-31,VIP,True
59,Tyler Reese,nzimmerman@example.net,2024-11-16,PREMIUM,True
60,Melissa Valentine,vrowland@example.org,2024-04-18,PREMIUM,True
61,Dwayne Jackson,wcantu@example.com,2025-07-23,REGULAR,True
62,Laurie Marshall,martinanthony@example.net,2025-12-02,VIP,True
63,Justin Wu,danielsmith@example.org,2026-05-11,VIP,True
64,Dakota Browning,anthonyrose@example.org,2026-01-20,REGULAR,True
65,Ellen Acevedo,invalidemail.com,2024-09-18,REGULAR,False
66,Sean Wagner MD,waltonmary@example.org,2025-10-09,REGULAR,True
67,Patrick Cruz,russell15@example.com,2025-11-07,VIP,True
68,Elizabeth Brown,chambersjames@example.org,2024-08-04,PREMIUM,True
69,Erik Ruiz,laura82@example.net,2025-12-17,VIP,True
70,Heather Skinner,woodsmariah@example.com,2025-06-04,VIP,True
71,Jeffrey Griffin,rushstephen@example.net,2024-11-11,VIP,True
72,Deborah Stewart,bonnie56@example.net,2026-07-16,PREMIUM,True
73,Susan Daugherty,enewton@example.org,2025-08-08,VIP,True
74,Courtney Anderson,christina03@example.com,2024-07-19,PREMIUM,True
75,Christina Riggs,jonathan69@example.net,2024-12-28,VIP,True
76,Robert Alvarado,margaret79@example.org,2023-10-16,PREMIUM,True
77,Suzanne Johnson,shanegomez@example.com,2024-10-26,REGULAR,True
78,Brittany Brooks,rjohnson@example.net,2024-11-27,VIP,True
79,Brittney Perez,joshua75@example.org,2026-06-09,PREMIUM,True
80,Eric Johnson,gregorybonnie@example.org,2024-02-28,PREMIUM,True
81,Sandra Cooke,sabrinakelley@example.net,2023-09-16,PREMIUM,True
82,Cindy Skinner,srobinson@example.org,2026-05-13,VIP,True
83,Angela West,christina59@example.com,2026-05-05,REGULAR,True
84,Douglas Jones,uperry@example.com,2025-05-06,PREMIUM,True
85,Jason Taylor,fmcdowell@example.net,2023-10-21,REGULAR,True
86,Tammy Singh,wpeters@example.com,2026-03-05,REGULAR,True
87,Richard Jackson,nlivingston@example.org,2023-08-02,REGULAR,True
88,Connie Baker,golson@example.com,2024-04-10,PREMIUM,True
89,James Scott,twillis@example.net,2025-06-19,VIP,True
90,Gary Leblanc,diana42@example.com,2023-08-24,PREMIUM,True
91,Alyssa Griffin,monica82@example.com,2023-10-13,REGULAR,True
92,Kathleen Juarez,burtoncolleen@example.com,2025-10-26,REGULAR,True
93,Hailey Garcia,ikaiser@example.com,2024-10-01,PREMIUM,True
94,Amanda Mata,wendy72@example.com,2024-07-02,REGULAR,True
95,Wendy Garcia,antonio79@example.org,2024-05-07,REGULAR,True
96,Christy Logan,david65@example.net,2026-02-11,VIP,True
97,Sean Rios,davidcampos@example.com,2026-06-25,VIP,True
98,David Hooper,tyler67@example.com,2025-07-06,PREMIUM,True
99,Nathaniel Williams,jasonsantana@example.com,2023-11-04,PREMIUM,True
100,Maria Adams,john26@example.com,2024-08-20,REGULAR,True
101,Deborah Greene MD,andrewwhite@example.org,2024-11-06,PREMIUM,True
102,Adam Sanchez,hansonmichael@example.net,2024-08-27,PREMIUM,True
103,Julia Davenport,kylegillespie@example.net,2023-11-19,REGULAR,True
104,Gregory Torres,dylangiles@example.com,2025-06-11,REGULAR,True
105,Victoria Fisher,joseph55@example.net,2025-05-18,REGULAR,True
106,Sara Sanchez,sanfordkayla@example.net,2026-03-27,PREMIUM,True
107,Theresa Jones,jennifer57@example.org,2025-01-02,PREMIUM,True
108,Morgan Spencer,christopher50@example.net,2023-09-23,PREMIUM,True
109,Jon Turner,wwelch@example.org,2026-01-04,REGULAR,True
110,Amanda Curry,joseph60@example.net,2024-07-07,PREMIUM,True
111,Lisa Cobb,invalidemail.com,2026-05-05,PREMIUM,False
112,Aaron Archer,caitlinguerrero@example.org,2024-06-13,REGULAR,True
113,Amy Taylor,ballardrichard@example.net,2023-08-15,VIP,True
114,Brian Martin,leejames@example.org,2024-09-08,VIP,True
115,Julie Jones,murphyedward@example.org,2026-05-22,VIP,True
116,Theresa Jenkins,patricia94@example.com,2024-02-08,VIP,True
117,Craig Campbell,smithdavid@example.com,2025-12-04,REGULAR,True
118,Nicholas Pena,jacob50@example.net,2024-06-18,VIP,True
119,Katherine Wheeler DDS,melanie53@example.net,2025-11-26,VIP,True
120,Robert Bishop,jerry13@example.net,2026-05-01,VIP,True
121,Rebecca Lopez,cstrong@example.org,2026-07-06,VIP,True
122,Susan Robinson,billygray@example.net,2023-11-14,PREMIUM,True
123,Madeline Washington,wendy81@example.com,2025-06-12,PREMIUM,True
124,Samuel Rogers,ashleyronald@example.org,2026-07-05,REGULAR,True
125,Angela Dillon,usanders@example.com,2024-01-04,VIP,True
126,Albert Miller,eatonmonica@example.net,2024-03-08,VIP,True
127,Kara Lucas,kmedina@example.net,2025-04-15,VIP,True
128,Virginia Robertson,harrisstephanie@example.org,2025-02-20,PREMIUM,True
129,Daniel Booth,mcintyreadam@example.net,2024-10-08,REGULAR,True
130,David Giles,jamiebrown@example.net,2026-03-22,PREMIUM,True
131,Megan Mclean,mberry@example.org,2025-07-16,VIP,True
132,Hannah Cooper,xgraham@example.org,2024-03-10,REGULAR,True
133,Andrew Stone,maddoxkelsey@example.net,2025-08-17,REGULAR,True
134,Michelle Francis,fcooper@example.org,2024-10-11,VIP,True
135,Nathaniel Rodgers,marcus53@example.com,2025-08-20,VIP,True
136,Jeffery Scott,courtney23@example.com,2025-12-03,PREMIUM,True
137,Leah Copeland,janet34@example.com,2025-10-16,VIP,True
138,Stephanie Short,sanchezkaren@example.com,2024-04-20,VIP,True
139,Cynthia Curry,lhall@example.org,2024-09-26,REGULAR,True
140,Ricky Peterson,irwinkaren@example.org,2026-04-14,REGULAR,True
141,Fernando Estes,frank22@example.net,2023-09-30,PREMIUM,True
142,Benjamin Murphy,jacksonmarcus@example.net,2024-10-25,PREMIUM,True
143,Faith Miller,imiller@example.org,2024-07-15,REGULAR,True
144,Kyle Vega,matthew70@example.org,2024-10-20,REGULAR,True
145,Allison Lynch,thompsonelizabeth@example.net,2026-02-01,VIP,True
146,Michael Sullivan,chelsea05@example.org,2023-12-15,VIP,True
147,Pamela Reilly,mark86@example.com,2023-08-07,VIP,True
148,Michael Jackson,amyramsey@example.com,2024-12-03,REGULAR,True
149,Kim Nelson,nicole22@example.net,2025-12-27,REGULAR,True
150,Daniel Smith,daniel01@example.org,2026-04-14,PREMIUM,True
151,Victoria Todd,christinecoleman@example.org,2026-07-16,VIP,True
152,Jason Moore,kelly50@example.net,2026-02-13,VIP,True
153,Dr. Gregory Willis III,lisajones@example.org,2026-01-03,REGULAR,True
154,Christina Holland,luisberger@example.net,2024-06-07,PREMIUM,True
155,Haley Snyder,catherine55@example.com,2026-07-16,VIP,True
156,Samuel Curtis,curtismoore@example.com,2026-04-21,REGULAR,True
157,Charles Barron,vaughanpatricia@example.com,2024-03-12,VIP,True
158,Joanna Clark,john51@example.org,2025-11-08,PREMIUM,True
159,Angela Evans,oscar99@example.net,2025-11-14,PREMIUM,True
160,Deanna Dixon,stricklandsheila@example.net,2024-05-03,REGULAR,True
161,Lauren Hanna,invalidemail.com,2024-12-02,PREMIUM,False
162,Brian Faulkner,fcraig@example.net,2023-09-07,REGULAR,True
163,Suzanne Neal,ustephenson@example.org,2025-07-25,VIP,True
164,Gina Lee,heatherholmes@example.net,2024-10-21,PREMIUM,True
165,Tammie Morrow,iroberson@example.com,2023-09-08,REGULAR,True
166,Andrew Cooper,kbrown@example.net,2025-11-24,REGULAR,True
167,Ryan Smith MD,craigrios@example.com,2026-02-27,REGULAR,True
168,James Mendoza,lwilliams@example.net,2026-06-20,VIP,True
169,Brian Wells,sandracarter@example.com,2024-07-25,PREMIUM,True
170,Sheila Thomas,carolyn41@example.com,2023-12-10,PREMIUM,True
171,Jordan Henry,josephbutler@example.com,2025-12-02,REGULAR,True
172,Stephanie Adams,heather07@example.org,2023-07-28,REGULAR,True
173,Mark Brown,davishaley@example.net,2025-02-12,PREMIUM,True
174,Jay Nicholson,lsmith@example.com,2025-02-17,REGULAR,True
175,Brittany Cross,gibsoncharles@example.net,2025-04-10,PREMIUM,True
176,Erica May,kaitlyn32@example.com,2024-04-10,PREMIUM,True
177,Sharon Lewis,melissamartinez@example.com,2024-09-09,REGULAR,True
178,Andrew Robinson,vhouse@example.org,2025-06-13,PREMIUM,True
179,Dana Molina,robert52@example.org,2023-08-23,VIP,True
180,David Watson,tdiaz@example.com,2024-10-17,PREMIUM,True
181,Lisa Mays,dylanjefferson@example.org,2025-10-28,VIP,True
182,Bradley Barajas,stephanie35@example.net,2023-11-27,PREMIUM,True
183,Antonio Bowman,loganpena@example.org,2024-06-07,REGULAR,True
184,Mr. Rodney Taylor,catherine01@example.net,2024-08-04,VIP,True
185,Sheila Ramsey,invalidemail.com,2024-01-11,PREMIUM,False
186,Lindsey Yang,invalidemail.com,2026-01-19,VIP,False
187,Bruce Warren,melindanelson@example.org,2025-05-13,PREMIUM,True
188,Mr. Michael Crane DDS,lucas74@example.org,2024-06-13,PREMIUM,True
189,Brandy Hebert,mcgeejimmy@example.com,2025-06-07,REGULAR,True
190,Carolyn Turner,michael09@example.com,2025-10-08,VIP,True
191,Laura Conway,anna40@example.net,2026-07-11,PREMIUM,True
192,Kenneth Smith,perezrebecca@example.org,2025-05-11,VIP,True
193,Emily Johnson,francisjonathan@example.com,2025-01-05,PREMIUM,True
194,Matthew Jones,courtneygutierrez@example.org,2024-11-10,PREMIUM,True
195,Sara Carlson,timothy81@example.org,2025-07-22,PREMIUM,True
196,Catherine Sanders,scottdavis@example.net,2024-02-05,REGULAR,True
197,Edward Williams,brandonheath@example.org,2024-08-17,VIP,True
198,Steven Hernandez,lamalexander@example.org,2026-07-05,VIP,True
199,Traci Owens,seanacosta@example.com,2024-08-14,REGULAR,True
200,Melissa Finley,allenmoore@example.com,2025-02-23,PREMIUM,True
201,Jaime Webb,cmyers@example.net,2024-05-11,PREMIUM,True
202,Sarah Neal,debra51@example.org,2024-04-02,REGULAR,True
203,Joshua Jackson,robin13@example.com,2025-09-03,VIP,True
204,Jennifer Underwood,autumn59@example.net,2024-06-09,VIP,True
205,Joshua Contreras,kristinanelson@example.net,2023-09-03,VIP,True
206,Melissa Brown,timothy65@example.net,2025-06-02,REGULAR,True
207,Mrs. Claudia Jacobson,sarahhale@example.org,2026-04-08,PREMIUM,True
208,William Hansen,hayley24@example.org,2023-08-30,REGULAR,True
209,Curtis Jenkins,khamilton@example.com,2024-12-11,REGULAR,True
210,Shari Newton,david32@example.org,2026-06-02,PREMIUM,True
211,Jonathon Reed,andrew56@example.net,2024-01-01,PREMIUM,True
212,Johnny Shannon,iramirez@example.com,2024-08-06,PREMIUM,True
213,Cassandra Gonzalez,hurleycody@example.com,2024-08-31,VIP,True
214,Deanna Joseph,krystalsmith@example.com,2025-11-14,PREMIUM,True
215,Cheryl Pearson,ichavez@example.com,2025-08-06,REGULAR,True
216,Amanda Mcclure,lisa89@example.net,2025-07-23,REGULAR,True
217,Maria Robinson,invalidemail.com,2024-10-20,PREMIUM,False
218,Erik Mora,anne47@example.net,2026-06-21,VIP,True
219,Joy Huffman,ashleyschmidt@example.com,2024-08-17,PREMIUM,True
220,Katherine Hudson,ericabrown@example.org,2024-11-18,PREMIUM,True
221,Tiffany Taylor,awilliams@example.com,2025-05-10,REGULAR,True
222,Rhonda Barrett,brenda17@example.org,2025-02-07,PREMIUM,True
223,Ann Alexander,mitchellmeredith@example.org,2025-07-11,VIP,True
224,Jessica Thompson,birdkayla@example.net,2025-11-04,REGULAR,True
225,Stephanie Russell,bjennings@example.com,2025-05-29,REGULAR,True
226,Elizabeth Hunter,logan77@example.net,2024-01-09,PREMIUM,True
227,Jeffrey Williams,gabriellesmith@example.com,2024-11-28,VIP,True
228,Christine Ward,luissnyder@example.net,2024-09-04,VIP,True
229,Christopher Hill,smithfelicia@example.org,2024-04-12,PREMIUM,True
230,Dr. William Campbell PhD,ohoward@example.com,2024-04-23,VIP,True
231,Courtney Scott,robert99@example.com,2025-09-23,PREMIUM,True
232,Daniel Henry,yoderchristina@example.com,2023-12-21,REGULAR,True
233,Nathan Freeman,marycarlson@example.org,2023-10-28,VIP,True
234,Darren Perez,jennifer24@example.com,2024-06-01,REGULAR,True
235,Mary Thomas,jamesrichard@example.net,2024-07-16,PREMIUM,True
236,Lindsay Shaw,michaelhogan@example.org,2026-02-11,REGULAR,True
237,Danielle Hall,millerrebecca@example.org,2025-05-14,REGULAR,True
238,Andrew Garrett,melinda91@example.net,2024-08-13,REGULAR,True
239,Rodney Rose,gfleming@example.net,2025-07-24,PREMIUM,True
240,David Harris,hcarroll@example.com,2026-04-05,VIP,True
241,Lawrence Kennedy,salazaranthony@example.com,2024-09-14,VIP,True
242,Ryan Ramos,peterkim@example.net,2025-08-10,VIP,True
243,Krista Jones,iblevins@example.org,2025-12-16,VIP,True
244,David Rangel,samantha62@example.net,2025-07-20,VIP,True
245,Amanda Brown,deborahtorres@example.net,2024-09-04,PREMIUM,True
246,Angela Jones,ostone@example.com,2026-01-10,REGULAR,True
247,Ralph Parker,sanchezjessica@example.org,2025-05-08,PREMIUM,True
248,Sarah Thompson,danielreyes@example.net,2024-03-09,PREMIUM,True
249,Raven Rios,nclark@example.org,2025-01-25,VIP,True
250,James Scott,zwhite@example.com,2025-06-07,VIP,True
251,Michelle Collins,adriennechavez@example.com,2024-12-19,REGULAR,True
252,Andrew Hahn,williamsbrandon@example.com,2026-03-02,PREMIUM,True
253,Kirsten Medina,frank58@example.org,2025-09-15,REGULAR,True
254,Paul Velazquez,christophernorris@example.com,2024-06-16,VIP,True
255,Nicholas Smith,amberedwards@example.com,2024-08-24,VIP,True
256,Rachel Krause,robert54@example.net,2024-10-19,REGULAR,True
257,Haley Ortiz,russell97@example.org,2023-08-07,PREMIUM,True
258,Christina Burns,santhony@example.org,2023-11-06,PREMIUM,True
259,Eddie Ramos,smithmary@example.com,2026-06-19,PREMIUM,True
260,Christopher Bowen,invalidemail.com,2023-12-29,VIP,False
261,Calvin French,jacksonmichael@example.org,2025-12-01,PREMIUM,True
262,David Cummings,matthewsemma@example.com,2023-07-29,PREMIUM,True
263,Melissa Peterson,timothy31@example.org,2026-03-09,PREMIUM,True
264,Joseph Miller,qdominguez@example.com,2025-06-21,PREMIUM,True
265,Michael Bruce,michaelward@example.org,2026-04-07,REGULAR,True
266,Brandon Armstrong,samantha75@example.org,2024-02-16,VIP,True
267,Amy Cortez,steven00@example.com,2025-02-16,VIP,True
268,Albert Miranda MD,annewilkinson@example.org,2024-10-21,PREMIUM,True
269,Sherry Burns,phillipgonzales@example.net,2025-05-29,REGULAR,True
270,Michael Flores,ricemariah@example.com,2023-09-08,VIP,True
271,Angela Hayes,coreyalexander@example.net,2024-10-01,PREMIUM,True
272,Austin Salazar,terry19@example.org,2023-10-24,REGULAR,True
273,Craig Morales,kellyjenna@example.com,2024-12-01,PREMIUM,True
274,Gabriel Moore,davidfrazier@example.net,2024-05-21,PREMIUM,True
275,Ryan Peterson,kellydestiny@example.org,2025-01-11,PREMIUM,True
276,Melissa Perez,qtate@example.com,2023-07-22,VIP,True
277,Meredith Figueroa,suzannebrock@example.net,2025-04-30,REGULAR,True
278,Lori Cooper,natashalawrence@example.com,2026-06-25,REGULAR,True
279,Gregory Allen,kimberly32@example.org,2026-07-12,PREMIUM,True
280,Kelly Nichols,james46@example.org,2025-11-25,PREMIUM,True
281,David Jones,stonechristopher@example.com,2024-12-02,REGULAR,True
282,Sandra Conrad,michael94@example.com,2026-03-04,REGULAR,True
283,Michelle Avery,lfrey@example.com,2023-11-22,REGULAR,True
284,Nathaniel Simmons,zgonzalez@example.com,2025-02-20,PREMIUM,True
285,Terry Ruiz,clarkcheryl@example.com,2026-03-29,VIP,True
286,Erica Patterson,lisa45@example.net,2024-11-19,REGULAR,True
287,Joseph May,woodardjoseph@example.com,2025-05-28,VIP,True
288,Felicia Carr,alvarezsamuel@example.net,2024-04-27,PREMIUM,True
289,John Velasquez,dstewart@example.net,2024-05-12,PREMIUM,True
290,Gina Aguilar,pgardner@example.com,2023-11-04,PREMIUM,True
291,Erin Morrison,jsweeney@example.org,2025-03-25,PREMIUM,True
292,Kevin Hernandez,adriana07@example.org,2026-03-09,PREMIUM,True
293,Lori Escobar,aaronwilson@example.org,2023-12-15,PREMIUM,True
294,Jessica Garcia,gbenton@example.com,2026-02-28,PREMIUM,True
295,Melissa Dalton,qthomas@example.org,2023-10-31,VIP,True
296,Erika Bennett,medinateresa@example.com,2023-09-10,PREMIUM,True
297,Kelsey James,invalidemail.com,2025-04-17,REGULAR,False
298,Jennifer Vasquez,brownalexis@example.net,2023-11-19,REGULAR,True
299,James Henson,williamsjessica@example.com,2024-12-30,PREMIUM,True
300,Mary Hampton,gsparks@example.org,2023-09-12,PREMIUM,True
301,Michele Steele,ghernandez@example.net,2026-03-15,REGULAR,True
302,Danielle Jenkins,bowersmelissa@example.com,2024-09-30,VIP,True
303,Rebecca Woods,waltonheidi@example.com,2024-07-25,VIP,True
304,Patricia Short,zgardner@example.org,2023-09-24,PREMIUM,True
305,Joshua Wise,riverasarah@example.net,2024-12-15,PREMIUM,True
306,Kimberly Gilbert,alicia35@example.com,2024-03-24,VIP,True
307,Christopher Evans,fergusongregory@example.com,2025-11-07,REGULAR,True
308,Kara Marshall,jennifer70@example.net,2023-12-07,REGULAR,True
309,David Atkinson MD,douglasflores@example.com,2026-02-21,PREMIUM,True
310,Melody Mitchell,timothyflores@example.net,2025-06-07,VIP,True
311,Robert Johnson,arnoldchristine@example.net,2024-03-30,REGULAR,True
312,Robert Castro,lindsaymartinez@example.com,2025-10-17,VIP,True
313,Ernest Jacobs,jonesandrew@example.com,2025-10-16,PREMIUM,True
314,Ronald Pace,vphillips@example.com,2026-02-07,PREMIUM,True
315,Michael Day,eryan@example.com,2025-02-21,REGULAR,True
316,Mia Gross,kortega@example.org,2026-04-19,REGULAR,True
317,Katherine Myers,donna69@example.org,2026-02-06,REGULAR,True
318,Mr. Christopher Miller DDS,christopher62@example.net,2024-12-04,VIP,True
319,Destiny Ross,carol23@example.net,2025-01-31,REGULAR,True
320,Nancy Baker,devin37@example.com,2023-11-24,REGULAR,True
321,Kenneth Carlson,edennis@example.org,2023-10-07,VIP,True
322,Angel Benitez,ruth46@example.org,2026-05-31,VIP,True
323,Erin Gutierrez,mejiastephanie@example.org,2026-02-06,PREMIUM,True
324,Kevin Griffith,jennifer78@example.com,2024-08-19,REGULAR,True
325,Jenna Sandoval,ahenderson@example.net,2025-02-01,PREMIUM,True
326,Stephanie Johnson,iandrews@example.org,2024-09-23,VIP,True
327,Steven Adams,brendastone@example.org,2024-09-12,REGULAR,True
328,Kevin Ward,estephens@example.com,2026-06-10,VIP,True
329,Mckenzie Smith,jessica53@example.org,2026-04-01,VIP,True
330,Christopher Dean,harringtonjeremy@example.net,2024-05-13,PREMIUM,True
331,Spencer Moreno,ydavis@example.com,2024-01-03,VIP,True
332,Beth Turner,ybenitez@example.org,2023-12-22,REGULAR,True
333,Mrs. Audrey Mason,marcus61@example.net,2024-10-24,VIP,True
334,Rebecca Robinson,davenportapril@example.net,2023-08-06,PREMIUM,True
335,Victoria Figueroa,patricia58@example.net,2024-03-17,VIP,True
336,Barbara Torres,dawsondenise@example.com,2026-06-15,REGULAR,True
337,Maria Jackson,pharrison@example.org,2023-12-24,REGULAR,True
338,Chloe Davis,jamesboyer@example.net,2025-03-03,PREMIUM,True
339,Erik Medina,chad76@example.com,2025-05-22,VIP,True
340,Roy Bailey,deannabrown@example.com,2025-03-29,PREMIUM,True
341,Jackie Elliott,rebeccabriggs@example.org,2024-07-27,VIP,True
342,Victoria Wade,curtisamy@example.net,2025-09-08,PREMIUM,True
343,Sean Collins,hfernandez@example.org,2025-10-15,REGULAR,True
344,Joshua Guzman,alisha77@example.com,2025-12-01,PREMIUM,True
345,Stacy Morales,todd46@example.com,2024-03-03,VIP,True
346,Erin Pugh,haileytate@example.org,2024-01-08,REGULAR,True
347,Andrea Davis,jessicahenson@example.net,2024-08-17,PREMIUM,True
348,Anthony Shaw,xhorn@example.net,2025-10-31,REGULAR,True
349,Matthew Knight,benjamin74@example.net,2024-09-24,VIP,True
350,David Miller,caseygood@example.org,2026-06-13,VIP,True
351,Beth Salazar,kaylaschultz@example.org,2025-03-21,REGULAR,True
352,Christopher Wolfe,evan04@example.org,2024-02-21,REGULAR,True
353,Michelle Ramirez,michaelray@example.com,2023-09-27,PREMIUM,True
354,Richard Oliver,kelly45@example.net,2024-04-16,VIP,True
355,Mark Turner,ramosdevin@example.net,2023-11-17,VIP,True
356,Eric Yates,kimberlygreene@example.net,2026-04-11,VIP,True
357,Sarah Butler,marycummings@example.net,2023-09-25,PREMIUM,True
358,Joshua Gilmore,michael70@example.org,2025-04-07,REGULAR,True
359,Teresa Robinson,mcknightsandy@example.org,2026-02-25,VIP,True
360,Ronald Blake,jennifermeyer@example.org,2025-03-06,REGULAR,True
361,Amanda Chandler,perezseth@example.org,2023-10-08,REGULAR,True
362,Anne Greene,lwilliams@example.com,2023-08-23,REGULAR,True
363,Tonya Wise,kristengreene@example.net,2023-12-19,VIP,True
364,Jonathan Webb,qchapman@example.net,2023-08-09,PREMIUM,True
365,Stephanie Briggs,emilymcdonald@example.org,2024-02-26,VIP,True
366,Anna Flynn,dperez@example.net,2025-08-15,VIP,True
367,Sarah White,zwhite@example.org,2024-07-16,VIP,True
368,Craig Jackson,harold01@example.net,2023-12-09,REGULAR,True
369,Sean Walsh,katrina23@example.net,2025-12-08,PREMIUM,True
370,Lydia Brown,rowerobert@example.com,2025-09-11,VIP,True
371,Alexander Thomas,victoriariley@example.net,2026-07-02,VIP,True
372,Brenda Russell,ashleymann@example.com,2026-06-07,PREMIUM,True
373,Vicki Wheeler,orodriguez@example.net,2025-02-22,REGULAR,True
374,John Jenkins,matthewsarthur@example.org,2025-08-17,PREMIUM,True
375,David Mueller,lindsaywallace@example.org,2025-10-12,VIP,True
376,Ashley Jones,tberry@example.net,2025-05-14,REGULAR,True
377,John Huff,michelle52@example.com,2025-06-02,PREMIUM,True
378,Diana Murphy,jcunningham@example.org,2025-06-27,REGULAR,True
379,Matthew Davis,arthur51@example.org,2024-06-09,PREMIUM,True
380,Nicole Martin,jason84@example.org,2023-12-30,REGULAR,True
381,Susan Ortiz,byrdcaleb@example.net,2023-10-01,VIP,True
382,Christopher Chavez,kguerra@example.org,2024-03-29,REGULAR,True
383,Gina Bell,pricetravis@example.com,2025-06-19,PREMIUM,True
384,Michael Mcgee,barrettbrian@example.org,2025-02-03,PREMIUM,True
385,Roberto Faulkner,curtisbetty@example.org,2023-12-03,VIP,True
386,Lorraine Clark,vincent53@example.com,2025-04-23,PREMIUM,True
387,Amber Stewart,carolinepalmer@example.com,2026-05-22,VIP,True
388,Duane Hogan,stevensalyssa@example.com,2023-12-08,VIP,True
389,Anthony Sullivan,ythomas@example.net,2024-08-11,PREMIUM,True
390,Sheri Anderson,bfriedman@example.net,2024-02-19,PREMIUM,True
391,Suzanne Ponce,lisa83@example.net,2026-05-20,PREMIUM,True
392,Jessica Mccoy,davischad@example.net,2026-05-02,REGULAR,True
393,Jennifer Mcneil,smithcandace@example.org,2025-04-14,PREMIUM,True
394,Jasmine Stanley,james52@example.net,2024-11-10,REGULAR,True
395,Rachel Perez,kevin53@example.net,2023-07-24,VIP,True
396,Angel Perez,jessicamcdonald@example.org,2024-05-01,PREMIUM,True
397,Thomas Simmons,mclaughlinchristopher@example.net,2026-02-22,REGULAR,True
398,Gary Murphy,joan61@example.org,2025-11-16,REGULAR,True
399,Caitlin Diaz,andreapatel@example.net,2026-06-13,REGULAR,True
400,Brian Snow,ffisher@example.org,2025-10-26,VIP,True
401,Charles Best,rwest@example.org,2025-06-23,REGULAR,True
402,Jennifer Cook,pamela51@example.com,2026-01-14,REGULAR,True
403,Jennifer Quinn,rebeccawashington@example.com,2025-01-23,PREMIUM,True
404,Christian Phelps,serranomiranda@example.org,2025-07-06,VIP,True
405,Amy Robinson,jonesgary@example.com,2026-04-11,REGULAR,True
406,John Silva,wadestephen@example.com,2025-10-11,REGULAR,True
407,Nicholas Fleming,paige90@example.net,2025-03-26,VIP,True
408,Kelsey Montgomery,barbaramorgan@example.com,2024-08-23,REGULAR,True
409,Jessica Garcia,stantonzachary@example.org,2025-01-15,PREMIUM,True
410,Ronald Santiago,amandacook@example.com,2024-12-22,PREMIUM,True
411,Frank Burton,ucarroll@example.com,2026-02-25,REGULAR,True
412,Emily Ward,justin01@example.net,2024-12-03,VIP,True
413,Kenneth Miller,whitney74@example.com,2024-07-21,PREMIUM,True
414,Johnathan Morrison,smithedward@example.org,2025-01-30,VIP,True
415,Wayne Evans,rebeccahayes@example.com,2024-10-15,REGULAR,True
416,Kristina Wood,acevedoashley@example.net,2024-03-31,REGULAR,True
417,Mark Miller,gonzalesmichael@example.com,2024-06-07,PREMIUM,True
418,Gary Morrison,reginaarmstrong@example.com,2023-12-29,PREMIUM,True
419,Roberto Jimenez,anna00@example.org,2024-08-21,VIP,True
420,Michael Webster,arthurjackson@example.org,2026-05-10,PREMIUM,True
421,Gabrielle Garner,jenniferbowers@example.net,2025-03-26,PREMIUM,True
422,Kyle Harrington,marthareed@example.com,2025-11-30,REGULAR,True
423,Linda Marsh,rojasjuan@example.net,2025-09-21,VIP,True
424,Nathaniel Sandoval,patrick44@example.net,2025-08-26,REGULAR,True
425,Karen Ayers,mbarber@example.com,2024-05-26,PREMIUM,True
426,Thomas Steele,ocox@example.com,2026-06-02,VIP,True
427,Kimberly Holmes,ravenbrown@example.com,2024-12-06,REGULAR,True
428,Joseph Jensen,gordoncrystal@example.com,2025-08-31,REGULAR,True
429,Christopher Rogers,melissabarnes@example.org,2025-10-13,REGULAR,True
430,Janet Torres,jnelson@example.net,2026-02-18,REGULAR,True
431,Nicole Russo,mclaughlinsarah@example.org,2023-08-12,REGULAR,True
432,Jason Sampson,bowmantaylor@example.net,2026-04-30,REGULAR,True
433,Carly Parker,dmathews@example.net,2024-12-14,VIP,True
434,Heather James,lewischad@example.com,2025-03-26,PREMIUM,True
435,Jason Bruce,rossmatthew@example.net,2023-10-16,REGULAR,True
436,Cody Ramirez,melissawilliams@example.org,2024-11-04,REGULAR,True
437,Sara Ortega,vaughangary@example.org,2024-09-25,REGULAR,True
438,Herbert Gilmore,marycopeland@example.com,2023-12-26,REGULAR,True
439,Daniel Wells,umartinez@example.net,2026-03-11,REGULAR,True
440,Peter Davis,billymiranda@example.net,2024-01-12,REGULAR,True
441,Paula Beltran,batesmadison@example.org,2025-09-10,PREMIUM,True
442,Victor Patton,megan26@example.org,2024-01-10,PREMIUM,True
443,Pamela Flowers,nicholas11@example.com,2025-05-12,PREMIUM,True
444,Jessica Hopkins,fryekathleen@example.com,2024-02-20,VIP,True
445,Helen Brown,travis77@example.org,2024-06-30,VIP,True
446,Taylor Monroe,brenda11@example.net,2024-02-18,REGULAR,True
447,William Krause,miguel53@example.org,2025-10-04,VIP,True
448,Joshua Parsons,nhartman@example.com,2025-02-10,VIP,True
449,Laura Diaz,katherine42@example.org,2025-02-11,PREMIUM,True
450,Antonio Morris,dennis90@example.org,2024-03-12,PREMIUM,True
451,Todd Ramos,rpoole@example.org,2026-06-02,REGULAR,True
452,Michael Martinez,coopertaylor@example.com,2023-12-20,REGULAR,True
453,Brett Harris,ipratt@example.com,2024-11-17,REGULAR,True
454,Fernando Lee,gjackson@example.com,2024-12-02,PREMIUM,True
455,Elizabeth Jones,rebecca26@example.net,2024-06-24,REGULAR,True
456,Taylor Christensen,fmcdonald@example.com,2024-08-22,VIP,True
457,Curtis Johnson,megan24@example.com,2025-03-21,REGULAR,True
458,Brady Miller DDS,sara75@example.com,2025-05-09,PREMIUM,True
459,Theresa Burns,esoto@example.net,2026-01-24,REGULAR,True
460,Lindsey Ewing,allisonwalker@example.org,2026-02-24,PREMIUM,True
461,Anna Stephens,barbercollin@example.net,2023-11-09,VIP,True
462,Michele Russell,roberttaylor@example.com,2025-09-18,REGULAR,True
463,Nancy Roy,kaguilar@example.org,2026-03-19,REGULAR,True
464,Sabrina Meyer,michael67@example.com,2026-02-03,REGULAR,True
465,Aaron Chavez,leejonathan@example.net,2025-08-03,VIP,True
466,Casey Johnson,etorres@example.org,2024-02-14,REGULAR,True
467,Mrs. Karen Perry,kimberly66@example.org,2024-12-08,REGULAR,True
468,Donald Morris,jessicagardner@example.net,2024-08-22,REGULAR,True
469,Sarah Hernandez,muellermary@example.com,2024-08-02,REGULAR,True
470,Jennifer Garcia,muellersherry@example.com,2024-03-18,REGULAR,True
471,Brandon Rivera,anthonyjason@example.org,2025-11-15,PREMIUM,True
472,Robert Stephens,iclark@example.org,2026-05-14,PREMIUM,True
473,Sharon Sutton,brivas@example.com,2025-04-03,VIP,True
474,Jack Morales,watsonsara@example.net,2023-08-22,PREMIUM,True
475,John Kerr,christianjensen@example.net,2024-04-22,REGULAR,True
476,Stephen Griffin,tommybradley@example.com,2024-07-09,PREMIUM,True
477,Ronald Walker,rebecca14@example.org,2025-12-10,VIP,True
478,Nicholas Archer,julia74@example.com,2025-06-19,REGULAR,True
479,Thomas Cooley,katiewilcox@example.org,2024-11-21,PREMIUM,True
480,Maria Hinton,oball@example.net,2024-06-17,VIP,True
481,Patricia Swanson,richardvasquez@example.org,2025-01-02,REGULAR,True
482,Dustin Nguyen,xsilva@example.org,2024-07-08,REGULAR,True
483,Michael Hall,cynthia91@example.net,2026-06-07,PREMIUM,True
484,Donald Lane,garciabilly@example.net,2024-02-18,REGULAR,True
485,Mr. Brian Anderson,dylanrodgers@example.org,2025-08-19,REGULAR,True
486,Ruth Thompson,dnicholson@example.net,2023-07-23,VIP,True
487,Justin Johnson,eric09@example.net,2025-09-25,PREMIUM,True
488,Darren Garrison,jessicaadams@example.com,2024-10-11,PREMIUM,True
489,Andrew Walker,davislacey@example.net,2026-03-11,REGULAR,True
490,Christina Callahan,oliviaphillips@example.net,2025-10-17,PREMIUM,True
491,Cindy Kelly,znunez@example.net,2025-04-20,VIP,True
492,Holly Case,ortizthomas@example.net,2023-12-01,PREMIUM,True
493,George Wagner,david88@example.com,2024-01-21,REGULAR,True
494,Christian Bennett,victoriajenkins@example.org,2023-11-08,REGULAR,True
495,Katherine Johnson,simmonsjoshua@example.net,2023-08-06,PREMIUM,True
496,Anne Hogan,toni12@example.org,2023-08-16,PREMIUM,True
497,Heather Bell,rebekah19@example.net,2026-01-06,REGULAR,True
498,Jeffrey Green,benjamin98@example.net,2025-07-16,VIP,True
499,Jared Simmons,sdavis@example.net,2024-10-22,REGULAR,True
500,Matthew Cuevas,antoniofarmer@example.net,2025-10-13,REGULAR,True
