product_id,old_name,category,price,base_price,status,amount,user_id,region,priority
P0001,Table,Furniture,75084.45,61840.99,Pending,75084.45,1001,West,Low
P0002,Bottle,Kitchen,15357.29,13391.34,Pending,15357.29,1002,East,High
P0003,Phone,Electronics,45308.08,45152.67,Completed,45308.08,1003,North,High
P0004,Chair,Furniture,27443.51,23301.41,Pending,27443.51,,West,Medium
P0005,Fan,HomeAppliance,70929.06,66631.99,Completed,70929.06,1005,East,Medium
P0006,Watch,Accessories,16990.38,15016.24,Completed,16990.38,1006,East,High
P0007,Watch,Accessories,66935.5,65899.55,Completed,66935.5,1007,West,High
P0008,Headphones,Electronics,94673.14,77579.14,Cancelled,94673.14,1008,South,Medium
P0009,Bag,Accessories,75090.36,69396.53,Pending,75090.36,1009,South,Medium
P0010,Phone,Electronics,81745.74,68209.35,Cancelled,81745.74,1010,West,High
P0011,Mouse,Electronics,23005.38,21123.57,Completed,23005.38,1011,North,Low
P0012,Headphones,Electronics,25793.63,22805.24,Cancelled,25793.63,1012,South,High
P0013,Shoes,Clothing,19023.14,18364.97,Completed,19023.14,1013,West,Low
P0014,Mixer,HomeAppliance,57544.53,50669.24,Completed,57544.53,1014,South,Low
P0015,Chair,Furniture,95441.51,78859.04,Completed,95441.51,1015,West,Medium
P0016,Phone,Electronics,39899.9,38872.23,Cancelled,39899.9,1016,North,Medium
P0017,Headphones,Electronics,15996.76,14057.73,Cancelled,15996.76,1017,North,High
P0018,Mixer,HomeAppliance,51848.71,51583.64,Pending,51848.71,1018,West,Medium
P0019,Watch,Accessories,41119.31,40583.21,Completed,41119.31,,East,Low
P0020,Shoes,Clothing,69646.39,60626.45,Pending,69646.39,1020,East,Low
P0021,Bag,Accessories,44483.28,45329.95,Completed,44483.28,,East,Medium
P0022,Shirt,Clothing,34444.07,30719.72,Cancelled,34444.07,1022,North,Low
P0023,Shoes,Clothing,38443.93,35173.8,Completed,38443.93,1023,South,Medium
P0024,Mouse,Electronics,4195.12,4091.07,Completed,4195.12,1024,North,Medium
P0025,Laptop,Electronics,1904.71,1894.32,Cancelled,1904.71,1025,East,Low
P0026,Mixer,HomeAppliance,69766.07,59915.32,Completed,69766.07,1026,South,Medium
P0027,Shoes,Clothing,24978.64,23949.58,Cancelled,24978.64,1027,West,Low
P0028,Bag,Accessories,69472.03,59610.74,Completed,69472.03,1028,South,Medium
P0029,Mouse,Electronics,5994.38,5261.55,Completed,5994.38,1029,West,Low
P0030,Mixer,HomeAppliance,90312.27,77241.9,Cancelled,90312.27,1030,West,Low
P0031,Fan,HomeAppliance,22236.56,17807.7,Completed,22236.56,1031,East,High
P0032,Table,Furniture,11201.15,10579.66,Pending,11201.15,1032,East,High
P0033,Mixer,HomeAppliance,40657.48,37340.59,Completed,40657.48,1033,East,Medium
P0034,Shoes,Clothing,55473.2,45103.91,Completed,55473.2,1034,East,High
P0035,Headphones,Electronics,23920.98,21863.56,Completed,23920.98,1035,South,Medium
P0036,Mouse,Electronics,77987.96,66342.71,Pending,77987.96,1036,North,High
P0037,Laptop,Electronics,7565.65,6563.05,Completed,7565.65,1037,North,High
P0038,Laptop,Electronics,20804.27,19352.55,Pending,20804.27,1038,West,Low
P0039,Watch,Accessories,32554.43,30617.42,Completed,32554.43,1039,South,Medium
P0040,Bottle,Kitchen,83290.55,79935.71,Completed,83290.55,1040,East,Medium
P0041,Shirt,Clothing,34884.46,35846.55,Completed,34884.46,1041,South,Low
P0042,Keyboard,Electronics,66736.03,54745.82,Completed,66736.03,1042,South,Medium
P0043,Shirt,Clothing,55493.48,53732.03,Cancelled,55493.48,1043,North,Low
P0044,Keyboard,Electronics,1061.2,997.37,Pending,1061.2,1044,West,Low
P0045,Bag,Accessories,5015.01,4654.72,Completed,5015.01,1045,South,Low
P0046,Shirt,Clothing,13125.89,13207.88,Completed,13125.89,1046,West,High
P0047,Fan,HomeAppliance,15958.56,14503.29,Completed,15958.56,1047,North,Low
P0048,Watch,Accessories,44718.96,38782.78,Pending,44718.96,1048,South,Medium
P0049,Mixer,HomeAppliance,42654.14,39754.62,Cancelled,42654.14,1049,West,Low
P0050,Shirt,Clothing,52445.47,51535.1,Completed,52445.47,1050,South,Low
P0051,Mixer,HomeAppliance,93224.88,78871.6,Pending,93224.88,,West,Medium
P0052,Bag,Accessories,12202.43,11749.18,Pending,12202.43,1052,North,Low
P0053,Mixer,HomeAppliance,37987.35,31766.84,Completed,37987.35,1053,South,Medium
P0054,Keyboard,Electronics,48045.74,42385.24,Pending,48045.74,1054,East,Low
P0055,Shirt,Clothing,38884.62,40120.08,Completed,38884.62,1055,West,High
P0056,Laptop,Electronics,43365.5,40828.89,Cancelled,43365.5,1056,West,Low
P0057,Headphones,Electronics,76589.57,64291.35,Completed,76589.57,1057,North,Low
P0058,Watch,Accessories,30108.04,30593.05,Cancelled,30108.04,1058,East,Low
P0059,Watch,Accessories,76257.36,63595.6,Completed,76257.36,1059,North,Low
P0060,Bag,Accessories,59567.9,55728.03,Cancelled,59567.9,1060,South,Medium
P0061,Mouse,Electronics,43131.34,37544.62,Cancelled,43131.34,1061,North,Low
P0062,Fan,HomeAppliance,76763.47,68412.89,Completed,76763.47,1062,East,Medium
P0063,Keyboard,Electronics,25894.1,23828.83,Completed,25894.1,1063,South,Medium
P0064,Shirt,Clothing,68735.41,62273.02,Pending,68735.41,1064,West,High
P0065,Chair,Furniture,65921.56,56286.29,Completed,65921.56,1065,South,Medium
P0066,Shoes,Clothing,74441.42,77309.65,Completed,74441.42,1066,North,Low
P0067,Table,Furniture,14370.83,13174.71,Completed,14370.83,1067,North,Medium
P0068,Shoes,Clothing,25552.03,22827.17,Completed,25552.03,1068,North,Low
P0069,Chair,Furniture,38393.59,34143.04,Cancelled,38393.59,1069,West,High
P0070,Phone,Electronics,21777.05,19339.25,Completed,21777.05,1070,North,Low
P0071,Table,Furniture,31338.91,31279.58,Cancelled,31338.91,1071,South,Medium
P0072,Bag,Accessories,8182.97,7274.97,Completed,8182.97,1072,South,Low
P0073,Mixer,HomeAppliance,42182.61,42939.94,Completed,42182.61,1073,East,Low
P0074,Bag,Accessories,59746.9,51397.31,Pending,59746.9,1074,East,Low
P0075,Shirt,Clothing,86882.98,79736.57,Cancelled,86882.98,1075,South,Medium
P0076,Mixer,HomeAppliance,41272.5,37158.14,Pending,41272.5,1076,West,Low
P0077,Fan,HomeAppliance,37888.19,33163.72,Completed,37888.19,1077,East,High
P0078,Table,Furniture,20746.31,19900.33,Completed,20746.31,1078,West,Medium
P0079,Mouse,Electronics,69240.08,67202.2,Cancelled,69240.08,1079,North,Medium
P0080,Keyboard,Electronics,63995.74,63860.99,Completed,63995.74,,East,High
P0081,Headphones,Electronics,42523.1,38057.54,Completed,42523.1,,North,Medium
P0082,Laptop,Electronics,91150.55,77054.78,Pending,91150.55,1082,West,High
P0083,Mouse,Electronics,26284.25,26891.05,Cancelled,26284.25,1083,East,Low
P0084,Shirt,Clothing,74700.65,60177.55,Pending,74700.65,1084,East,High
P0085,Fan,HomeAppliance,65645.86,56373.0,Pending,65645.86,1085,East,Low
P0086,Table,Furniture,1671.68,1456.11,Pending,1671.68,1086,East,Medium
P0087,Phone,Electronics,44730.04,46861.71,Completed,44730.04,1087,North,High
P0088,Table,Furniture,84898.42,78869.28,Completed,84898.42,1088,South,Medium
P0089,Bottle,Kitchen,42393.77,34093.38,Completed,42393.77,1089,West,High
P0090,Mouse,Electronics,75291.76,77510.66,Pending,75291.76,1090,East,Medium
P0091,Shirt,Clothing,77907.01,73501.86,Cancelled,77907.01,1091,West,High
P0092,Watch,Accessories,43694.77,39019.13,Pending,43694.77,1092,North,Low
P0093,Phone,Electronics,21870.17,18549.73,Cancelled,21870.17,1093,North,High
P0094,Keyboard,Electronics,41020.99,42919.38,Completed,41020.99,1094,West,High
P0095,Mouse,Electronics,26682.6,21761.89,Cancelled,26682.6,1095,West,High
P0096,Mouse,Electronics,72425.24,60002.36,Completed,72425.24,1096,West,Low
P0097,Headphones,Electronics,47023.93,44304.52,Pending,47023.93,1097,West,High
P0098,Shirt,Clothing,21172.4,18409.34,Pending,21172.4,1098,East,Low
P0099,Laptop,Electronics,46275.75,45653.11,Completed,46275.75,1099,West,High
P0100,Laptop,Electronics,63303.33,64288.61,Pending,63303.33,1100,North,High
P0101,Table,Furniture,11040.54,9079.74,Pending,11040.54,1101,South,Medium
P0102,Shirt,Clothing,71389.66,71572.58,Completed,71389.66,1102,West,Low
P0103,Bottle,Kitchen,9367.54,9507.7,Pending,9367.54,1103,East,Low
P0104,Shirt,Clothing,36811.99,36814.82,Completed,36811.99,1104,West,Medium
P0105,Mixer,HomeAppliance,14847.98,14936.72,Completed,14847.98,1105,South,Medium
P0106,Mouse,Electronics,1616.65,1602.14,Pending,1616.65,1106,North,Low
P0107,Keyboard,Electronics,3752.44,3059.07,Pending,3752.44,,West,Low
P0108,Watch,Accessories,78827.57,74120.14,Cancelled,78827.57,1108,North,High
P0109,Keyboard,Electronics,84777.39,71790.61,Pending,84777.39,1109,North,Low
P0110,Mixer,HomeAppliance,10478.53,9393.14,Completed,10478.53,1110,East,Medium
P0111,Mouse,Electronics,6508.21,5776.77,Completed,6508.21,1111,West,High
P0112,Watch,Accessories,58939.1,59075.55,Completed,58939.1,1112,West,High
P0113,Shoes,Clothing,61890.84,59449.05,Completed,61890.84,1113,North,High
P0114,Keyboard,Electronics,30159.86,24703.22,Pending,30159.86,1114,West,High
P0115,Bottle,Kitchen,29369.11,27049.61,Cancelled,29369.11,1115,East,High
P0116,Bag,Accessories,27386.13,26215.79,Completed,27386.13,1116,South,High
P0117,Keyboard,Electronics,61815.61,62257.95,Pending,61815.61,1117,South,Low
P0118,Bottle,Kitchen,57084.17,50707.55,Pending,57084.17,1118,East,Medium
P0119,Keyboard,Electronics,51520.74,51677.62,Completed,51520.74,1119,South,Low
P0120,Headphones,Electronics,21699.14,22387.5,Completed,21699.14,,North,Medium
P0121,Fan,HomeAppliance,5192.38,4233.2,Cancelled,5192.38,1121,East,High
P0122,Mouse,Electronics,69533.01,71625.63,Completed,69533.01,1122,South,Medium
P0123,Laptop,Electronics,30084.41,27359.11,Cancelled,30084.41,1123,East,High
P0124,Table,Furniture,24974.21,24016.35,Cancelled,24974.21,,North,Medium
P0125,Phone,Electronics,27289.6,26765.91,Completed,27289.6,1125,North,Medium
P0126,Chair,Furniture,30466.17,27823.13,Pending,30466.17,1126,North,Low
P0127,Table,Furniture,9088.86,7968.6,Completed,9088.86,,West,Medium
P0128,Keyboard,Electronics,26794.73,21618.62,Pending,26794.73,1128,East,Medium
P0129,Chair,Furniture,25293.07,23160.58,Completed,25293.07,1129,West,Medium
P0130,Bottle,Kitchen,82763.62,75454.95,Completed,82763.62,1130,West,High
P0131,Bag,Accessories,76385.38,69886.8,Pending,76385.38,1131,East,High
P0132,Mixer,HomeAppliance,36087.23,32509.75,Pending,36087.23,1132,North,Medium
P0133,Fan,HomeAppliance,30819.56,25189.4,Cancelled,30819.56,1133,East,Medium
P0134,Phone,Electronics,73829.64,65276.51,Completed,73829.64,1134,West,High
P0135,Shirt,Clothing,45417.69,39151.51,Cancelled,45417.69,1135,South,Medium
P0136,Fan,HomeAppliance,26974.59,26522.2,Completed,26974.59,1136,South,Medium
P0137,Mixer,HomeAppliance,12955.82,13189.32,Completed,12955.82,1137,West,High
P0138,Mouse,Electronics,86847.28,79305.86,Completed,86847.28,1138,South,Low
P0139,Bottle,Kitchen,43007.54,36755.93,Completed,43007.54,1139,South,Medium
P0140,Bag,Accessories,53512.24,47176.48,Completed,53512.24,1140,West,Medium
P0141,Fan,HomeAppliance,35006.0,30873.55,Completed,35006.0,1141,East,Low
P0142,Bottle,Kitchen,96425.38,77190.68,Completed,96425.38,1142,North,High
P0143,Mouse,Electronics,76752.03,78846.78,Completed,76752.03,1143,West,High
P0144,Fan,HomeAppliance,74221.94,71607.3,Completed,74221.94,1144,South,High
P0145,Headphones,Electronics,19542.37,17811.62,Cancelled,19542.37,1145,East,Low
P0146,Laptop,Electronics,23359.16,20390.22,Completed,23359.16,1146,East,Medium
P0147,Fan,HomeAppliance,77274.51,66913.79,Completed,77274.51,1147,South,Medium
P0148,Bag,Accessories,83942.37,77517.51,Completed,83942.37,,North,Low
P0149,Bottle,Kitchen,68421.55,59383.69,Pending,68421.55,1149,East,Low
P0150,Fan,HomeAppliance,43710.52,43396.9,Pending,43710.52,1150,East,Medium
P0151,Mixer,HomeAppliance,76988.45,63963.32,Completed,76988.45,1151,East,Medium
P0152,Chair,Furniture,65639.7,60528.67,Pending,65639.7,1152,North,Low
P0153,Shirt,Clothing,72964.29,68149.88,Pending,72964.29,1153,South,Medium
P0154,Watch,Accessories,72131.67,62717.72,Cancelled,72131.67,1154,North,Low
P0155,Shirt,Clothing,87154.66,75487.55,Pending,87154.66,1155,North,Medium
P0156,Headphones,Electronics,39887.91,35144.85,Cancelled,39887.91,1156,West,Medium
P0157,Fan,HomeAppliance,60085.12,49826.32,Pending,60085.12,1157,West,Medium
P0158,Phone,Electronics,50172.89,52232.44,Cancelled,50172.89,1158,North,Low
P0159,Bottle,Kitchen,7735.29,7286.85,Cancelled,7735.29,,West,High
P0160,Bag,Accessories,11189.35,9813.23,Pending,11189.35,1160,West,High
P0161,Watch,Accessories,82122.93,67771.59,Cancelled,82122.93,1161,East,Medium
P0162,Chair,Furniture,37895.21,31754.92,Cancelled,37895.21,1162,West,Medium
P0163,Shoes,Clothing,55424.08,52840.62,Completed,55424.08,1163,South,Low
P0164,Shoes,Clothing,26490.54,21482.94,Pending,26490.54,1164,North,High
P0165,Watch,Accessories,52890.03,54907.12,Completed,52890.03,1165,West,Medium
P0166,Watch,Accessories,31331.39,30083.68,Completed,31331.39,1166,West,Medium
P0167,Headphones,Electronics,71111.78,73659.27,Completed,71111.78,,West,Medium
P0168,Mouse,Electronics,80408.41,70360.28,Completed,80408.41,1168,West,Low
P0169,Bag,Accessories,73561.83,67543.91,Completed,73561.83,1169,East,Medium
P0170,Shoes,Clothing,53643.8,55811.47,Completed,53643.8,1170,West,Low
P0171,Shoes,Clothing,8531.72,8327.22,Completed,8531.72,1171,East,Medium
P0172,Headphones,Electronics,49379.33,50087.41,Completed,49379.33,1172,East,Medium
P0173,Mixer,HomeAppliance,23626.03,22866.05,Completed,23626.03,1173,North,Low
P0174,Shirt,Clothing,37723.92,35757.02,Completed,37723.92,1174,East,Low
P0175,Shoes,Clothing,60730.37,62357.49,Cancelled,60730.37,1175,West,Low
P0176,Shoes,Clothing,15452.77,12561.57,Completed,15452.77,1176,West,Low
P0177,Table,Furniture,15154.87,15568.9,Completed,15154.87,1177,West,High
P0178,Mouse,Electronics,9998.57,10251.58,Completed,9998.57,1178,North,Low
P0179,Bottle,Kitchen,55041.88,45177.4,Completed,55041.88,1179,North,Low
P0180,Shoes,Clothing,65819.49,66491.61,Cancelled,65819.49,1180,South,High
P0181,Mouse,Electronics,2562.6,2541.18,Completed,2562.6,1181,South,High
P0182,Bag,Accessories,57724.08,58690.61,Completed,57724.08,1182,South,Low
P0183,Laptop,Electronics,18654.37,17817.7,Completed,18654.37,1183,South,High
P0184,Shoes,Clothing,16980.33,15824.7,Cancelled,16980.33,1184,North,Medium
P0185,Chair,Furniture,74973.15,65815.85,Completed,74973.15,,East,Medium
P0186,Fan,HomeAppliance,80545.44,66090.37,Cancelled,80545.44,,West,Medium
P0187,Laptop,Electronics,64170.19,58126.45,Cancelled,64170.19,,North,Medium
P0188,Laptop,Electronics,7584.77,7475.93,Completed,7584.77,1188,East,High
P0189,Chair,Furniture,20036.92,20837.92,Pending,20036.92,1189,North,Medium
P0190,Bag,Accessories,21666.16,21517.77,Completed,21666.16,1190,West,Medium
P0191,Bottle,Kitchen,11452.5,9672.6,Completed,11452.5,1191,South,Medium
P0192,Keyboard,Electronics,80630.24,79317.79,Completed,80630.24,,West,Medium
P0193,Headphones,Electronics,29158.35,28890.21,Completed,29158.35,1193,West,High
P0194,Fan,HomeAppliance,90091.81,75760.02,Completed,90091.81,,West,Medium
P0195,Phone,Electronics,30468.4,30288.44,Completed,30468.4,1195,North,High
P0196,Headphones,Electronics,2141.5,2074.78,Completed,2141.5,1196,South,Low
P0197,Laptop,Electronics,82968.93,79561.06,Completed,82968.93,1197,South,High
P0198,Bottle,Kitchen,57377.67,46718.91,Completed,57377.67,1198,South,High
P0199,Headphones,Electronics,30185.6,27634.47,Pending,30185.6,1199,East,Low
P0200,Phone,Electronics,63931.55,51987.45,Completed,63931.55,1200,West,Low
P0201,Table,Furniture,34470.1,32007.13,Completed,34470.1,1201,North,High
P0202,Mixer,HomeAppliance,57895.44,46764.28,Completed,57895.44,1202,East,Low
P0203,Keyboard,Electronics,5340.55,5362.45,Cancelled,5340.55,1203,North,Low
P0204,Shoes,Clothing,62436.49,64465.76,Pending,62436.49,1204,West,High
P0205,Mouse,Electronics,57057.72,59594.39,Cancelled,57057.72,1205,West,High
P0206,Watch,Accessories,10467.77,8622.58,Cancelled,10467.77,1206,East,High
P0207,Table,Furniture,39268.85,35736.96,Pending,39268.85,1207,West,Medium
P0208,Watch,Accessories,65712.35,65241.08,Cancelled,65712.35,1208,East,Medium
P0209,Bag,Accessories,38178.68,37697.26,Pending,38178.68,1209,East,Medium
P0210,Mouse,Electronics,22226.66,20423.56,Completed,22226.66,1210,South,High
P0211,Bag,Accessories,63038.14,56840.01,Completed,63038.14,1211,East,High
P0212,Bottle,Kitchen,58174.79,57491.46,Pending,58174.79,1212,East,Low
P0213,Table,Furniture,76649.86,69380.77,Completed,76649.86,1213,West,Medium
P0214,Phone,Electronics,71496.37,59828.54,Pending,71496.37,1214,North,High
P0215,Chair,Furniture,30105.24,27488.73,Cancelled,30105.24,1215,West,Low
P0216,Watch,Accessories,59318.29,51681.01,Completed,59318.29,1216,West,High
P0217,Mixer,HomeAppliance,46693.29,45761.43,Pending,46693.29,1217,West,Medium
P0218,Shirt,Clothing,71522.17,69886.13,Pending,71522.17,1218,West,High
P0219,Mouse,Electronics,56925.29,48441.56,Completed,56925.29,1219,North,Low
P0220,Mixer,HomeAppliance,51084.0,42889.36,Pending,51084.0,1220,South,Medium
P0221,Headphones,Electronics,80635.43,72652.91,Completed,80635.43,1221,South,Low
P0222,Headphones,Electronics,67692.04,54181.26,Pending,67692.04,1222,North,Medium
P0223,Phone,Electronics,43869.91,36418.6,Completed,43869.91,1223,East,High
P0224,Watch,Accessories,46406.79,44528.83,Completed,46406.79,1224,East,Low
P0225,Keyboard,Electronics,32692.89,33144.22,Pending,32692.89,1225,North,Medium
P0226,Table,Furniture,74688.61,73536.35,Completed,74688.61,1226,West,Medium
P0227,Table,Furniture,25756.2,24253.05,Completed,25756.2,1227,East,Low
P0228,Watch,Accessories,5616.25,4665.07,Completed,5616.25,1228,South,Low
P0229,Headphones,Electronics,3269.58,2670.27,Completed,3269.58,1229,East,High
P0230,Shoes,Clothing,47461.65,43723.17,Cancelled,47461.65,1230,South,Medium
P0231,Chair,Furniture,25143.1,22037.79,Completed,25143.1,1231,West,Low
P0232,Table,Furniture,10507.99,10700.94,Pending,10507.99,1232,South,Medium
P0233,Mouse,Electronics,70434.47,60308.14,Completed,70434.47,1233,South,High
P0234,Bag,Accessories,45878.58,44966.44,Completed,45878.58,1234,North,Medium
P0235,Bottle,Kitchen,18352.6,16762.94,Pending,18352.6,1235,East,Medium
P0236,Keyboard,Electronics,10305.99,8426.57,Completed,10305.99,1236,South,Medium
P0237,Table,Furniture,3204.33,3108.55,Completed,3204.33,1237,North,Low
P0238,Keyboard,Electronics,77799.39,67853.05,Cancelled,77799.39,1238,East,Low
P0239,Chair,Furniture,78747.08,67438.35,Completed,78747.08,1239,West,Low
P0240,Bottle,Kitchen,9069.05,7458.06,Completed,9069.05,1240,West,Low
P0241,Shoes,Clothing,62693.05,62366.36,Completed,62693.05,1241,North,High
P0242,Laptop,Electronics,84436.07,72463.41,Completed,84436.07,1242,South,Medium
P0243,Keyboard,Electronics,92426.73,78525.61,Pending,92426.73,,East,High
P0244,Mixer,HomeAppliance,80721.02,68018.65,Cancelled,80721.02,1244,North,Low
P0245,Bag,Accessories,47281.18,38131.03,Completed,47281.18,1245,South,Low
P0246,Fan,HomeAppliance,58468.12,50420.7,Cancelled,58468.12,1246,East,Medium
P0247,Phone,Electronics,13729.3,13562.83,Completed,13729.3,1247,North,High
P0248,Headphones,Electronics,67237.95,61242.33,Cancelled,67237.95,1248,East,Medium
P0249,Keyboard,Electronics,45565.6,41459.61,Completed,45565.6,1249,West,Low
P0250,Mixer,HomeAppliance,12985.1,10670.19,Completed,12985.1,1250,East,Low
P0251,Mixer,HomeAppliance,98109.75,79329.52,Cancelled,98109.75,1251,South,Medium
P0252,Headphones,Electronics,56875.17,45570.12,Pending,56875.17,1252,South,Medium
P0253,Bag,Accessories,56807.45,52961.78,Completed,56807.45,1253,East,High
P0254,Mouse,Electronics,21576.61,17544.46,Completed,21576.61,1254,West,Low
P0255,Headphones,Electronics,39299.9,38304.25,Completed,39299.9,1255,South,Medium
P0256,Watch,Accessories,28172.89,28560.49,Completed,28172.89,1256,South,High
P0257,Phone,Electronics,19210.19,18327.9,Completed,19210.19,1257,North,Medium
P0258,Phone,Electronics,54844.06,47528.42,Pending,54844.06,1258,East,Medium
P0259,Keyboard,Electronics,61624.68,56714.31,Completed,61624.68,1259,West,Medium
P0260,Headphones,Electronics,86466.25,78263.91,Completed,86466.25,1260,North,Low
P0261,Table,Furniture,73309.99,61390.63,Pending,73309.99,1261,West,High
P0262,Keyboard,Electronics,71807.71,60454.86,Completed,71807.71,1262,East,High
P0263,Bottle,Kitchen,56789.66,48341.9,Completed,56789.66,1263,West,Low
P0264,Headphones,Electronics,11681.81,10847.54,Completed,11681.81,1264,South,Medium
P0265,Chair,Furniture,35808.13,31369.98,Completed,35808.13,1265,West,Medium
P0266,Phone,Electronics,72567.34,61248.72,Pending,72567.34,1266,West,Low
P0267,Mouse,Electronics,32988.8,27399.73,Cancelled,32988.8,1267,West,Low
P0268,Shirt,Clothing,73172.78,63387.29,Completed,73172.78,1268,North,Medium
P0269,Phone,Electronics,32670.53,32085.09,Pending,32670.53,1269,North,Low
P0270,Mouse,Electronics,5538.71,5530.96,Pending,5538.71,1270,South,Low
P0271,Mouse,Electronics,44334.05,38627.1,Completed,44334.05,1271,West,High
P0272,Bag,Accessories,92535.16,77777.39,Completed,92535.16,1272,West,Low
P0273,Mixer,HomeAppliance,52185.49,42638.67,Completed,52185.49,1273,West,Low
P0274,Shoes,Clothing,89598.18,71803.82,Completed,89598.18,1274,West,High
P0275,Headphones,Electronics,34572.79,34901.24,Pending,34572.79,1275,South,Medium
P0276,Fan,HomeAppliance,24738.83,22015.04,Completed,24738.83,1276,West,Low
P0277,Bag,Accessories,2951.45,2749.93,Pending,2951.45,1277,West,Medium
P0278,Bottle,Kitchen,28112.26,25771.42,Completed,28112.26,1278,North,Medium
P0279,Bottle,Kitchen,52120.02,52342.92,Cancelled,52120.02,1279,East,Low
P0280,Phone,Electronics,7941.6,7392.9,Completed,7941.6,1280,South,High
P0281,Chair,Furniture,85309.14,77156.59,Pending,85309.14,1281,South,High
P0282,Shirt,Clothing,47546.73,38593.1,Completed,47546.73,1282,East,Medium
P0283,Fan,HomeAppliance,26277.57,24838.95,Completed,26277.57,1283,East,High
P0284,Shoes,Clothing,19285.86,16069.57,Completed,19285.86,1284,West,Low
P0285,Mouse,Electronics,19270.25,17339.66,Pending,19270.25,1285,North,Low
P0286,Headphones,Electronics,56030.55,52236.18,Pending,56030.55,1286,North,Low
P0287,Watch,Accessories,75555.57,71468.8,Completed,75555.57,1287,South,High
P0288,Shirt,Clothing,54375.5,50200.75,Completed,54375.5,1288,North,Medium
P0289,Shoes,Clothing,91903.06,79522.6,Pending,91903.06,1289,West,Low
P0290,Mixer,HomeAppliance,78561.01,78880.57,Pending,78561.01,1290,East,Medium
P0291,Watch,Accessories,60246.75,58919.57,Completed,60246.75,1291,North,Low
P0292,Chair,Furniture,15508.45,13769.26,Pending,15508.45,1292,East,High
P0293,Keyboard,Electronics,73362.8,60666.65,Pending,73362.8,1293,South,Low
P0294,Chair,Furniture,71426.5,71319.38,Completed,71426.5,1294,North,Medium
P0295,Table,Furniture,2472.98,2024.5,Completed,2472.98,1295,West,Low
P0296,Phone,Electronics,30421.38,29492.76,Pending,30421.38,1296,North,Low
P0297,Bottle,Kitchen,55028.69,53029.94,Pending,55028.69,1297,South,Low
P0298,Shoes,Clothing,31235.1,31724.54,Completed,31235.1,1298,East,Medium
P0299,Mixer,HomeAppliance,5878.97,5458.66,Completed,5878.97,1299,East,Medium
P0300,Watch,Accessories,54932.66,45733.28,Completed,54932.66,1300,East,Medium
P0301,Bag,Accessories,14901.18,13529.21,Completed,14901.18,,North,Medium
P0302,Shirt,Clothing,22460.81,21814.97,Pending,22460.81,,South,Low
P0303,Chair,Furniture,30702.08,27998.35,Completed,30702.08,1303,North,Medium
P0304,Bag,Accessories,19126.77,15659.11,Cancelled,19126.77,1304,East,High
P0305,Fan,HomeAppliance,63494.19,61611.69,Completed,63494.19,1305,South,Low
P0306,Chair,Furniture,79365.64,67488.77,Completed,79365.64,1306,North,Medium
P0307,Table,Furniture,55587.02,49541.25,Completed,55587.02,1307,West,Low
P0308,Table,Furniture,38307.13,37184.14,Completed,38307.13,1308,West,High
P0309,Shirt,Clothing,50433.41,45388.59,Cancelled,50433.41,1309,South,Medium
P0310,Bottle,Kitchen,14646.39,14837.55,Pending,14646.39,1310,North,Medium
P0311,Laptop,Electronics,84834.06,79514.57,Completed,84834.06,1311,South,Medium
P0312,Table,Furniture,41948.9,38161.84,Completed,41948.9,1312,East,High
P0313,Fan,HomeAppliance,57928.9,49127.49,Completed,57928.9,1313,South,Medium
P0314,Keyboard,Electronics,46646.8,46846.64,Completed,46646.8,1314,East,High
P0315,Laptop,Electronics,26492.21,21822.21,Completed,26492.21,1315,South,High
P0316,Keyboard,Electronics,66482.9,57517.48,Completed,66482.9,1316,North,Medium
P0317,Fan,HomeAppliance,37948.42,32544.71,Pending,37948.42,1317,West,Low
P0318,Watch,Accessories,44350.04,46496.56,Pending,44350.04,1318,South,High
P0319,Mixer,HomeAppliance,67001.17,54376.14,Completed,67001.17,1319,South,Medium
P0320,Watch,Accessories,27205.01,23692.61,Cancelled,27205.01,,East,High
P0321,Headphones,Electronics,61789.89,54598.14,Completed,61789.89,1321,South,Medium
P0322,Shirt,Clothing,94312.53,78287.5,Cancelled,94312.53,1322,North,Medium
P0323,Watch,Accessories,70700.24,69575.73,Completed,70700.24,1323,West,Medium
P0324,Shirt,Clothing,16056.3,13954.05,Cancelled,16056.3,1324,South,Medium
P0325,Shoes,Clothing,19369.05,17620.97,Completed,19369.05,1325,North,Medium
P0326,Bag,Accessories,41875.46,40276.48,Completed,41875.46,1326,North,Medium
P0327,Watch,Accessories,54696.0,44545.94,Completed,54696.0,1327,West,Medium
P0328,Bag,Accessories,18776.99,18693.08,Pending,18776.99,1328,West,Low
P0329,Table,Furniture,68216.18,55299.98,Cancelled,68216.18,1329,East,High
P0330,Laptop,Electronics,27426.5,26605.01,Completed,27426.5,1330,West,High
P0331,Mouse,Electronics,11013.12,9145.92,Completed,11013.12,,South,High
P0332,Bag,Accessories,82504.94,75904.71,Pending,82504.94,1332,North,High
P0333,Watch,Accessories,86966.73,73078.57,Pending,86966.73,1333,West,Low
P0334,Bottle,Kitchen,34353.38,29581.09,Completed,34353.38,1334,South,High
P0335,Fan,HomeAppliance,22709.18,21009.87,Pending,22709.18,1335,East,High
P0336,Headphones,Electronics,50476.19,49919.15,Completed,50476.19,1336,South,Low
P0337,Mouse,Electronics,25362.49,22966.43,Completed,25362.49,1337,West,Low
P0338,Shirt,Clothing,68961.92,59117.51,Completed,68961.92,1338,South,Low
P0339,Headphones,Electronics,17171.26,13935.19,Cancelled,17171.26,1339,West,High
P0340,Chair,Furniture,42672.62,42841.03,Pending,42672.62,1340,West,High
P0341,Bag,Accessories,30802.84,31487.75,Completed,30802.84,1341,North,Low
P0342,Fan,HomeAppliance,22645.19,20866.36,Completed,22645.19,1342,West,Low
P0343,Chair,Furniture,62942.06,64417.6,Cancelled,62942.06,1343,West,High
P0344,Shoes,Clothing,57424.73,48818.08,Completed,57424.73,1344,North,Medium
P0345,Laptop,Electronics,32822.25,28680.37,Cancelled,32822.25,1345,South,Low
P0346,Mouse,Electronics,32017.37,27594.71,Pending,32017.37,1346,South,High
P0347,Phone,Electronics,59145.22,54967.22,Completed,59145.22,,South,High
P0348,Headphones,Electronics,52974.95,44564.31,Cancelled,52974.95,1348,West,Medium
P0349,Chair,Furniture,79095.04,70023.72,Completed,79095.04,1349,West,Medium
P0350,Mouse,Electronics,57397.42,56496.66,Cancelled,57397.42,,East,Medium
P0351,Shirt,Clothing,36509.72,32044.58,Completed,36509.72,1351,East,Medium
P0352,Keyboard,Electronics,46189.58,42208.27,Completed,46189.58,1352,West,High
P0353,Chair,Furniture,52725.73,54527.07,Cancelled,52725.73,1353,North,High
P0354,Shirt,Clothing,10763.09,8667.26,Completed,10763.09,1354,East,Medium
P0355,Headphones,Electronics,68219.93,55225.67,Completed,68219.93,1355,North,Low
P0356,Shoes,Clothing,27552.8,27122.27,Pending,27552.8,1356,South,Low
P0357,Chair,Furniture,52367.68,42521.49,Completed,52367.68,1357,East,High
P0358,Mouse,Electronics,84399.03,69705.48,Completed,84399.03,1358,North,Medium
P0359,Table,Furniture,47072.73,47724.47,Cancelled,47072.73,1359,East,High
P0360,Shoes,Clothing,54392.23,51437.24,Pending,54392.23,1360,East,High
P0361,Bottle,Kitchen,73101.92,61359.2,Completed,73101.92,1361,South,High
P0362,Bottle,Kitchen,60458.21,51692.83,Completed,60458.21,1362,West,Low
P0363,Shirt,Clothing,64693.08,55778.69,Completed,64693.08,1363,South,High
P0364,Chair,Furniture,9068.54,9345.9,Pending,9068.54,1364,East,Medium
P0365,Watch,Accessories,21245.14,21269.41,Completed,21245.14,1365,South,High
P0366,Phone,Electronics,43781.79,41971.68,Pending,43781.79,1366,North,Medium
P0367,Shirt,Clothing,21093.4,19176.51,Completed,21093.4,1367,South,Low
P0368,Bottle,Kitchen,75307.87,62985.47,Completed,75307.87,,East,Low
P0369,Mouse,Electronics,31652.47,25967.25,Completed,31652.47,1369,North,Medium
P0370,Headphones,Electronics,14344.42,14878.96,Cancelled,14344.42,1370,East,Medium
P0371,Chair,Furniture,36602.35,37132.86,Pending,36602.35,,North,High
P0372,Bag,Accessories,38720.24,36432.62,Pending,38720.24,1372,West,Low
P0373,Shirt,Clothing,24014.0,23486.71,Completed,24014.0,1373,South,Low
P0374,Chair,Furniture,59749.5,60973.97,Completed,59749.5,1374,North,Medium
P0375,Bottle,Kitchen,16296.53,13874.56,Cancelled,16296.53,1375,East,High
P0376,Mixer,HomeAppliance,42313.27,35879.56,Completed,42313.27,1376,West,Low
P0377,Laptop,Electronics,71934.08,59086.03,Completed,71934.08,1377,East,High
P0378,Table,Furniture,49580.57,43647.43,Completed,49580.57,1378,West,Medium
P0379,Fan,HomeAppliance,29246.51,29745.74,Completed,29246.51,1379,East,Low
P0380,Headphones,Electronics,47801.96,43431.45,Completed,47801.96,1380,South,Medium
P0381,Chair,Furniture,66661.66,60315.06,Completed,66661.66,1381,South,Low
P0382,Bag,Accessories,32975.15,32242.41,Pending,32975.15,1382,West,Low
P0383,Phone,Electronics,49697.31,46219.19,Pending,49697.31,1383,West,Medium
P0384,Mixer,HomeAppliance,90147.53,73436.49,Pending,90147.53,1384,West,Low
P0385,Phone,Electronics,10217.79,10637.94,Completed,10217.79,1385,East,Medium
P0386,Watch,Accessories,20506.01,19449.66,Completed,20506.01,1386,South,Medium
P0387,Table,Furniture,8140.51,7756.34,Cancelled,8140.51,1387,South,Low
P0388,Headphones,Electronics,30225.48,25952.06,Completed,30225.48,1388,East,Low
P0389,Mixer,HomeAppliance,50569.72,48548.84,Cancelled,50569.72,1389,South,Medium
P0390,Bag,Accessories,58252.54,58610.04,Completed,58252.54,1390,East,High
P0391,Bottle,Kitchen,72393.26,66645.7,Pending,72393.26,1391,West,Medium
P0392,Bag,Accessories,78584.81,71452.53,Completed,78584.81,,South,High
P0393,Chair,Furniture,31070.9,26395.84,Completed,31070.9,1393,South,Low
P0394,Headphones,Electronics,64620.3,59933.7,Completed,64620.3,1394,South,Medium
P0395,Watch,Accessories,45903.94,43485.27,Pending,45903.94,1395,West,High
P0396,Mouse,Electronics,44519.15,39831.33,Completed,44519.15,1396,North,High
P0397,Shoes,Clothing,69743.61,57060.96,Pending,69743.61,1397,North,Low
P0398,Bottle,Kitchen,62541.03,63451.02,Pending,62541.03,1398,South,Low
P0399,Keyboard,Electronics,85721.1,72800.66,Pending,85721.1,1399,West,Medium
P0400,Shoes,Clothing,21393.13,20606.97,Completed,21393.13,1400,East,Low
P0401,Shoes,Clothing,44243.09,44434.26,Pending,44243.09,1401,North,Low
P0402,Mouse,Electronics,88428.58,73854.13,Cancelled,88428.58,1402,North,Medium
P0403,Bottle,Kitchen,52771.43,49682.32,Pending,52771.43,1403,North,Low
P0404,Headphones,Electronics,76594.56,69268.36,Pending,76594.56,1404,East,High
P0405,Headphones,Electronics,38126.43,40088.89,Cancelled,38126.43,1405,East,Low
P0406,Laptop,Electronics,9310.5,8728.17,Cancelled,9310.5,1406,North,Low
P0407,Laptop,Electronics,84053.95,73656.14,Pending,84053.95,,North,High
P0408,Chair,Furniture,36399.97,36073.25,Pending,36399.97,1408,North,Medium
P0409,Bottle,Kitchen,41785.27,40523.03,Completed,41785.27,1409,South,Low
P0410,Shoes,Clothing,62294.89,57206.42,Cancelled,62294.89,1410,East,High
P0411,Mouse,Electronics,43976.0,46159.91,Completed,43976.0,1411,South,High
P0412,Keyboard,Electronics,11004.01,9949.56,Pending,11004.01,1412,South,Low
P0413,Phone,Electronics,80622.75,69400.91,Cancelled,80622.75,1413,East,Low
P0414,Mouse,Electronics,73285.04,74227.03,Cancelled,73285.04,1414,East,Medium
P0415,Mixer,HomeAppliance,31931.1,32915.66,Completed,31931.1,1415,North,Medium
P0416,Headphones,Electronics,56165.26,47189.58,Completed,56165.26,1416,North,Medium
P0417,Shoes,Clothing,8552.27,7602.83,Cancelled,8552.27,1417,West,Medium
P0418,Laptop,Electronics,33599.4,30110.83,Completed,33599.4,1418,North,Low
P0419,Fan,HomeAppliance,66133.06,57040.81,Completed,66133.06,1419,West,Medium
P0420,Mouse,Electronics,5117.14,4925.02,Cancelled,5117.14,1420,East,High
P0421,Bag,Accessories,41156.28,36944.92,Pending,41156.28,,North,Low
P0422,Table,Furniture,55798.95,48389.67,Pending,55798.95,1422,East,Low
P0423,Bag,Accessories,79749.09,78086.13,Pending,79749.09,1423,South,High
P0424,Phone,Electronics,10141.36,10136.08,Cancelled,10141.36,1424,North,Medium
P0425,Chair,Furniture,65755.94,57920.58,Completed,65755.94,1425,East,Low
P0426,Shirt,Clothing,46203.62,39559.71,Completed,46203.62,1426,East,High
P0427,Mouse,Electronics,54242.93,55631.15,Pending,54242.93,1427,South,Medium
P0428,Mixer,HomeAppliance,34690.69,35867.67,Pending,34690.69,1428,South,Medium
P0429,Headphones,Electronics,77679.97,75696.38,Cancelled,77679.97,1429,South,Low
P0430,Bag,Accessories,598.83,587.72,Pending,598.83,1430,North,High
P0431,Table,Furniture,25877.12,23774.33,Completed,25877.12,1431,South,Low
P0432,Watch,Accessories,91312.26,76057.09,Completed,91312.26,1432,South,Low
P0433,Watch,Accessories,55871.82,47827.92,Pending,55871.82,1433,North,Medium
P0434,Chair,Furniture,36335.09,30267.97,Completed,36335.09,1434,North,Low
P0435,Fan,HomeAppliance,18959.21,18820.07,Completed,18959.21,1435,North,Low
P0436,Mixer,HomeAppliance,72645.93,61472.96,Completed,72645.93,1436,East,Low
P0437,Mixer,HomeAppliance,73173.78,64972.43,Cancelled,73173.78,1437,South,Medium
P0438,Mouse,Electronics,12449.75,10072.94,Completed,12449.75,1438,North,Medium
P0439,Headphones,Electronics,41722.88,39992.49,Cancelled,41722.88,1439,South,Medium
P0440,Shoes,Clothing,2287.7,2136.72,Completed,2287.7,1440,South,Low
P0441,Fan,HomeAppliance,35434.45,30751.99,Cancelled,35434.45,1441,East,High
P0442,Fan,HomeAppliance,28215.75,22845.76,Pending,28215.75,1442,West,Low
P0443,Shoes,Clothing,78963.96,77684.24,Completed,78963.96,1443,North,High
P0444,Shoes,Clothing,12715.97,13317.73,Completed,12715.97,1444,West,Low
P0445,Shoes,Clothing,83469.65,69917.63,Completed,83469.65,1445,West,Low
P0446,Mixer,HomeAppliance,79420.63,74344.34,Pending,79420.63,1446,North,Medium
P0447,Shirt,Clothing,27098.87,25348.13,Completed,27098.87,1447,East,Medium
P0448,Watch,Accessories,7446.43,6726.84,Completed,7446.43,1448,East,Medium
P0449,Watch,Accessories,65265.35,52460.1,Pending,65265.35,1449,North,High
P0450,Watch,Accessories,61418.26,63601.91,Completed,61418.26,1450,South,High
P0451,Watch,Accessories,76025.39,63375.28,Pending,76025.39,1451,East,Medium
P0452,Bag,Accessories,87748.21,71213.57,Completed,87748.21,1452,East,High
P0453,Shoes,Clothing,41263.21,42070.78,Completed,41263.21,1453,South,Low
P0454,Table,Furniture,33615.74,30119.31,Completed,33615.74,1454,East,Low
P0455,Mixer,HomeAppliance,26777.73,26456.59,Completed,26777.73,1455,North,High
P0456,Headphones,Electronics,32356.46,26460.59,Completed,32356.46,1456,North,High
P0457,Headphones,Electronics,72844.88,66869.25,Completed,72844.88,1457,South,Low
P0458,Fan,HomeAppliance,76434.74,65368.82,Pending,76434.74,1458,East,Low
P0459,Bottle,Kitchen,63630.95,60863.62,Completed,63630.95,1459,East,Low
P0460,Chair,Furniture,24738.69,25942.87,Pending,24738.69,1460,West,Medium
P0461,Mixer,HomeAppliance,44626.47,38140.4,Completed,44626.47,1461,South,Medium
P0462,Table,Furniture,59183.51,52907.05,Completed,59183.51,1462,North,High
P0463,Fan,HomeAppliance,30494.91,31052.28,Completed,30494.91,1463,East,High
P0464,Mouse,Electronics,10352.98,9405.15,Completed,10352.98,1464,West,High
P0465,Shirt,Clothing,38994.99,33487.64,Pending,38994.99,1465,East,Medium
P0466,Headphones,Electronics,86410.92,74421.31,Completed,86410.92,1466,West,Medium
P0467,Mixer,HomeAppliance,16823.54,17083.94,Pending,16823.54,1467,North,Low
P0468,Table,Furniture,48021.08,48443.85,Pending,48021.08,,West,Low
P0469,Phone,Electronics,27650.43,28015.54,Completed,27650.43,1469,South,High
P0470,Mixer,HomeAppliance,23174.09,19977.67,Completed,23174.09,1470,North,Low
P0471,Table,Furniture,65824.14,57895.73,Pending,65824.14,1471,East,High
P0472,Shirt,Clothing,11465.88,9221.31,Pending,11465.88,1472,North,High
P0473,Bag,Accessories,52433.64,42127.23,Completed,52433.64,1473,South,High
P0474,Fan,HomeAppliance,75887.57,64740.22,Cancelled,75887.57,1474,West,Medium
P0475,Bag,Accessories,80813.29,74024.22,Pending,80813.29,1475,West,Low
P0476,Bottle,Kitchen,58552.23,59348.81,Pending,58552.23,1476,West,Medium
P0477,Bag,Accessories,1372.26,1245.32,Completed,1372.26,1477,South,Low
P0478,Bag,Accessories,63424.86,58652.32,Completed,63424.86,1478,South,Medium
P0479,Mixer,HomeAppliance,71736.74,59227.04,Completed,71736.74,1479,South,Medium
P0480,Shoes,Clothing,42424.64,44394.95,Completed,42424.64,1480,South,Low
P0481,Bag,Accessories,61345.45,51886.09,Completed,61345.45,,South,High
P0482,Shoes,Clothing,53329.34,45000.82,Cancelled,53329.34,1482,South,Medium
P0483,Shoes,Clothing,19840.44,17463.44,Completed,19840.44,1483,East,Medium
P0484,Headphones,Electronics,55213.31,47168.88,Completed,55213.31,1484,West,Low
P0485,Mouse,Electronics,91739.23,78520.82,Pending,91739.23,1485,North,Low
P0486,Bag,Accessories,1379.3,1196.75,Cancelled,1379.3,1486,South,High
P0487,Shoes,Clothing,24918.72,25281.34,Completed,24918.72,1487,North,Low
P0488,Shoes,Clothing,16476.34,14430.33,Pending,16476.34,1488,East,High
P0489,Shirt,Clothing,60937.11,54278.3,Completed,60937.11,1489,South,Low
P0490,Bag,Accessories,39663.18,32206.3,Completed,39663.18,1490,West,High
P0491,Mixer,HomeAppliance,21013.55,17680.73,Completed,21013.55,1491,South,High
P0492,Chair,Furniture,35489.65,36452.38,Completed,35489.65,1492,West,Medium
P0493,Bag,Accessories,12869.23,12578.07,Completed,12869.23,1493,South,Low
P0494,Headphones,Electronics,88679.38,75410.9,Pending,88679.38,1494,South,Medium
P0495,Shirt,Clothing,79845.86,71227.44,Completed,79845.86,1495,West,Low
P0496,Bottle,Kitchen,12722.04,12930.81,Cancelled,12722.04,1496,North,High
P0497,Shoes,Clothing,56746.58,50976.8,Completed,56746.58,1497,East,Medium
P0498,Headphones,Electronics,44165.05,39670.44,Completed,44165.05,1498,South,Medium
P0499,Phone,Electronics,48584.77,43104.46,Completed,48584.77,1499,South,Medium
P0500,Shoes,Clothing,53264.62,43828.31,Pending,53264.62,1500,East,Medium
P0501,Laptop,Electronics,18662.58,19466.21,Completed,18662.58,1501,North,Low
P0502,Shirt,Clothing,84837.63,74557.31,Completed,84837.63,,West,High
P0503,Headphones,Electronics,88993.35,76647.23,Pending,88993.35,1503,North,High
P0504,Shirt,Clothing,68306.51,62994.5,Cancelled,68306.51,1504,East,Medium
P0505,Laptop,Electronics,60966.33,57684.75,Cancelled,60966.33,,North,Medium
P0506,Table,Furniture,46193.32,46176.35,Completed,46193.32,1506,East,High
P0507,Phone,Electronics,15087.06,14427.04,Completed,15087.06,1507,North,High
P0508,Chair,Furniture,38251.42,39078.76,Completed,38251.42,1508,North,High
P0509,Watch,Accessories,30674.89,24974.18,Cancelled,30674.89,1509,South,High
P0510,Keyboard,Electronics,37813.75,38107.91,Completed,37813.75,1510,North,Medium
P0511,Headphones,Electronics,2091.61,1845.4,Pending,2091.61,1511,West,High
P0512,Shoes,Clothing,36727.12,33308.83,Completed,36727.12,1512,West,High
P0513,Keyboard,Electronics,51608.31,47159.66,Completed,51608.31,1513,East,Low
P0514,Headphones,Electronics,53572.11,47761.83,Completed,53572.11,1514,West,Medium
P0515,Shirt,Clothing,75203.36,76552.31,Completed,75203.36,1515,East,Medium
P0516,Shoes,Clothing,77134.86,78281.82,Pending,77134.86,1516,West,High
P0517,Watch,Accessories,23326.1,23980.92,Completed,23326.1,1517,West,Low
P0518,Bag,Accessories,42302.19,39500.15,Completed,42302.19,1518,East,High
P0519,Table,Furniture,89290.57,72499.39,Completed,89290.57,1519,North,High
P0520,Watch,Accessories,41221.05,40248.97,Completed,41221.05,1520,South,High
P0521,Keyboard,Electronics,44524.09,36603.43,Cancelled,44524.09,1521,South,High
P0522,Shirt,Clothing,41188.37,35635.43,Completed,41188.37,1522,West,High
P0523,Mouse,Electronics,17786.99,17695.42,Completed,17786.99,1523,West,Low
P0524,Headphones,Electronics,5428.67,4433.5,Completed,5428.67,1524,West,Medium
P0525,Shoes,Clothing,55974.04,53486.34,Cancelled,55974.04,1525,West,Medium
P0526,Mouse,Electronics,10477.25,10812.05,Completed,10477.25,1526,West,Medium
P0527,Keyboard,Electronics,77538.24,76294.55,Completed,77538.24,1527,South,High
P0528,Shirt,Clothing,12701.21,10384.32,Completed,12701.21,1528,East,High
P0529,Fan,HomeAppliance,38432.71,36235.07,Completed,38432.71,1529,South,Medium
P0530,Mixer,HomeAppliance,29496.89,26789.23,Cancelled,29496.89,1530,North,High
P0531,Phone,Electronics,78584.49,77177.01,Completed,78584.49,1531,North,Low
P0532,Shirt,Clothing,36171.1,32776.18,Cancelled,36171.1,1532,West,Medium
P0533,Phone,Electronics,76598.65,75291.7,Completed,76598.65,1533,West,Medium
P0534,Bag,Accessories,35857.06,29890.98,Cancelled,35857.06,1534,South,High
P0535,Chair,Furniture,77415.56,77854.74,Completed,77415.56,1535,North,Medium
P0536,Fan,HomeAppliance,64197.94,58445.37,Completed,64197.94,1536,East,Medium
P0537,Bottle,Kitchen,45228.39,41101.33,Completed,45228.39,1537,East,Medium
P0538,Fan,HomeAppliance,39551.98,34193.44,Completed,39551.98,1538,West,Medium
P0539,Keyboard,Electronics,31779.73,29805.58,Completed,31779.73,1539,West,Low
P0540,Mixer,HomeAppliance,10859.81,9738.47,Pending,10859.81,1540,East,High
P0541,Chair,Furniture,20443.03,18250.48,Pending,20443.03,1541,North,High
P0542,Mouse,Electronics,61446.24,61350.98,Completed,61446.24,1542,North,Medium
P0543,Chair,Furniture,52188.0,43430.65,Pending,52188.0,1543,South,High
P0544,Watch,Accessories,70763.38,62470.45,Pending,70763.38,1544,North,High
P0545,Bag,Accessories,41739.37,39053.09,Cancelled,41739.37,1545,West,High
P0546,Table,Furniture,8497.82,7602.57,Cancelled,8497.82,1546,North,Medium
P0547,Bottle,Kitchen,83383.13,75124.63,Pending,83383.13,1547,North,Low
P0548,Table,Furniture,73701.32,66264.72,Pending,73701.32,1548,North,High
P0549,Chair,Furniture,56113.62,45939.53,Completed,56113.62,1549,South,Low
P0550,Watch,Accessories,91047.38,79458.61,Pending,91047.38,1550,East,Low
P0551,Bottle,Kitchen,14470.02,11749.02,Completed,14470.02,1551,West,High
P0552,Bottle,Kitchen,62335.05,55435.39,Pending,62335.05,1552,East,Medium
P0553,Mouse,Electronics,45835.57,44490.37,Completed,45835.57,1553,North,Medium
P0554,Laptop,Electronics,34373.67,28677.56,Completed,34373.67,1554,North,High
P0555,Bottle,Kitchen,77867.73,66586.21,Pending,77867.73,1555,East,High
P0556,Watch,Accessories,6162.12,6271.89,Completed,6162.12,1556,East,Medium
P0557,Watch,Accessories,72306.59,66397.97,Completed,72306.59,1557,West,High
P0558,Table,Furniture,83738.19,67965.04,Pending,83738.19,1558,South,High
P0559,Mixer,HomeAppliance,33239.68,32285.27,Completed,33239.68,1559,East,Low
P0560,Mixer,HomeAppliance,62612.26,65844.69,Completed,62612.26,1560,West,High
P0561,Watch,Accessories,18039.29,15231.16,Pending,18039.29,1561,South,High
P0562,Keyboard,Electronics,69626.04,67909.62,Completed,69626.04,1562,East,Low
P0563,Watch,Accessories,40455.03,38184.97,Cancelled,40455.03,1563,North,Low
P0564,Watch,Accessories,41193.71,38996.99,Completed,41193.71,1564,East,Medium
P0565,Shirt,Clothing,51413.25,47889.38,Completed,51413.25,1565,East,High
P0566,Mouse,Electronics,35470.06,33159.02,Completed,35470.06,1566,East,High
P0567,Keyboard,Electronics,74282.41,72299.06,Completed,74282.41,1567,West,Low
P0568,Headphones,Electronics,41629.84,39219.46,Cancelled,41629.84,,South,Low
P0569,Shirt,Clothing,19042.96,20020.93,Pending,19042.96,1569,South,High
P0570,Headphones,Electronics,35170.73,35509.61,Completed,35170.73,1570,South,High
P0571,Headphones,Electronics,12764.4,11438.86,Cancelled,12764.4,1571,South,Medium
P0572,Mouse,Electronics,83232.88,69525.17,Completed,83232.88,1572,North,Medium
P0573,Shoes,Clothing,20525.89,19474.18,Completed,20525.89,1573,South,High
P0574,Phone,Electronics,49295.88,50099.32,Completed,49295.88,1574,East,High
P0575,Shoes,Clothing,67125.26,55697.56,Completed,67125.26,1575,North,High
P0576,Chair,Furniture,35938.96,32660.52,Completed,35938.96,1576,East,Low
P0577,Bag,Accessories,75345.45,68681.35,Pending,75345.45,1577,West,High
P0578,Mixer,HomeAppliance,6710.05,5484.71,Completed,6710.05,1578,East,High
P0579,Bottle,Kitchen,53500.2,44167.99,Pending,53500.2,1579,North,Medium
P0580,Headphones,Electronics,81648.98,77097.85,Completed,81648.98,1580,West,Low
P0581,Bag,Accessories,80136.7,69614.99,Completed,80136.7,1581,North,Low
P0582,Keyboard,Electronics,46749.02,48147.07,Completed,46749.02,1582,East,High
P0583,Shirt,Clothing,75191.29,61926.78,Completed,75191.29,1583,East,High
P0584,Phone,Electronics,19614.09,20337.38,Completed,19614.09,1584,North,Low
P0585,Table,Furniture,23910.28,19961.39,Cancelled,23910.28,1585,North,Medium
P0586,Mouse,Electronics,81075.05,67426.74,Pending,81075.05,1586,West,Medium
P0587,Keyboard,Electronics,48810.2,47418.68,Completed,48810.2,1587,North,Medium
P0588,Headphones,Electronics,4846.87,4744.21,Completed,4846.87,1588,East,Medium
P0589,Mixer,HomeAppliance,34305.85,33393.21,Completed,34305.85,1589,South,Medium
P0590,Phone,Electronics,58517.57,48809.04,Pending,58517.57,1590,West,Medium
P0591,Headphones,Electronics,13833.18,13836.39,Pending,13833.18,1591,West,High
P0592,Table,Furniture,3540.2,2971.35,Pending,3540.2,1592,East,Medium
P0593,Mixer,HomeAppliance,2407.69,2338.12,Completed,2407.69,1593,West,Medium
P0594,Mixer,HomeAppliance,13966.48,11814.96,Pending,13966.48,1594,East,Low
P0595,Fan,HomeAppliance,80147.1,64141.84,Pending,80147.1,1595,South,High
P0596,Fan,HomeAppliance,58855.06,47450.2,Pending,58855.06,1596,West,Medium
P0597,Laptop,Electronics,84773.92,77302.45,Completed,84773.92,1597,North,Low
P0598,Fan,HomeAppliance,5708.8,5101.65,Pending,5708.8,1598,South,Low
P0599,Table,Furniture,6360.27,5921.66,Cancelled,6360.27,1599,West,Low
P0600,Chair,Furniture,89323.18,71970.79,Completed,89323.18,1600,East,Low
P0601,Chair,Furniture,50136.74,50939.64,Pending,50136.74,1601,West,Medium
P0602,Mouse,Electronics,41445.63,37497.87,Cancelled,41445.63,1602,South,High
P0603,Mouse,Electronics,15427.41,13813.58,Completed,15427.41,1603,West,High
P0604,Fan,HomeAppliance,36852.73,37193.45,Pending,36852.73,1604,South,Low
P0605,Bottle,Kitchen,91269.31,79999.27,Cancelled,91269.31,1605,West,Medium
P0606,Bottle,Kitchen,27966.97,26012.58,Pending,27966.97,1606,North,Medium
P0607,Watch,Accessories,60232.62,58762.58,Cancelled,60232.62,1607,North,Low
P0608,Shirt,Clothing,23363.32,18932.52,Completed,23363.32,1608,West,High
P0609,Fan,HomeAppliance,38580.34,39663.38,Completed,38580.34,1609,West,Low
P0610,Table,Furniture,66574.64,69031.29,Completed,66574.64,1610,West,High
P0611,Laptop,Electronics,47577.58,44489.74,Cancelled,47577.58,1611,South,Medium
P0612,Chair,Furniture,24757.83,23373.7,Completed,24757.83,1612,North,Low
P0613,Laptop,Electronics,67906.7,71022.11,Cancelled,67906.7,1613,East,High
P0614,Watch,Accessories,61435.02,62515.05,Completed,61435.02,1614,West,Medium
P0615,Shirt,Clothing,69140.78,63221.93,Completed,69140.78,1615,West,Low
P0616,Watch,Accessories,93955.5,77117.76,Completed,93955.5,1616,North,High
P0617,Bottle,Kitchen,32382.58,33237.16,Cancelled,32382.58,1617,South,High
P0618,Watch,Accessories,73319.48,67265.34,Completed,73319.48,1618,West,Low
P0619,Watch,Accessories,7474.78,6762.97,Pending,7474.78,,West,Low
P0620,Headphones,Electronics,74188.93,72934.41,Completed,74188.93,1620,South,High
P0621,Headphones,Electronics,45383.26,36483.13,Completed,45383.26,1621,South,Low
P0622,Mouse,Electronics,13079.65,12652.99,Pending,13079.65,1622,North,Low
P0623,Bottle,Kitchen,69733.06,65526.88,Completed,69733.06,1623,North,Low
P0624,Shirt,Clothing,2619.82,2319.95,Completed,2619.82,1624,South,Medium
P0625,Laptop,Electronics,60318.93,58583.08,Pending,60318.93,1625,West,Medium
P0626,Shoes,Clothing,38643.94,34078.8,Pending,38643.94,1626,South,High
P0627,Shoes,Clothing,57583.83,51120.25,Cancelled,57583.83,1627,North,Medium
P0628,Shirt,Clothing,32093.99,27590.95,Completed,32093.99,1628,East,Low
P0629,Bag,Accessories,84175.48,68072.48,Completed,84175.48,1629,East,Low
P0630,Shoes,Clothing,35615.57,32324.32,Completed,35615.57,1630,West,Medium
P0631,Bottle,Kitchen,52810.66,50326.92,Completed,52810.66,1631,South,Medium
P0632,Shirt,Clothing,67893.0,69446.23,Completed,67893.0,1632,North,Medium
P0633,Bottle,Kitchen,63664.79,52734.67,Completed,63664.79,1633,West,Medium
P0634,Table,Furniture,67086.35,66057.12,Completed,67086.35,1634,South,High
P0635,Bottle,Kitchen,26552.76,25412.5,Pending,26552.76,1635,South,Low
P0636,Laptop,Electronics,35475.68,34066.24,Pending,35475.68,1636,South,High
P0637,Phone,Electronics,57569.61,49392.12,Completed,57569.61,1637,West,Low
P0638,Laptop,Electronics,57808.34,59020.12,Completed,57808.34,1638,West,High
P0639,Mixer,HomeAppliance,64334.09,58133.65,Completed,64334.09,1639,North,Low
P0640,Laptop,Electronics,32727.0,27816.1,Pending,32727.0,1640,East,High
P0641,Shirt,Clothing,46637.39,37644.2,Pending,46637.39,1641,West,Low
P0642,Laptop,Electronics,7919.57,6747.51,Completed,7919.57,1642,East,High
P0643,Bottle,Kitchen,7700.7,6539.21,Completed,7700.7,1643,West,Low
P0644,Phone,Electronics,63392.87,53396.82,Pending,63392.87,1644,East,High
P0645,Phone,Electronics,70519.69,56513.02,Cancelled,70519.69,1645,South,High
P0646,Phone,Electronics,32875.82,27452.55,Completed,32875.82,1646,East,High
P0647,Watch,Accessories,26664.35,25216.86,Completed,26664.35,1647,North,Medium
P0648,Table,Furniture,75149.94,71094.24,Pending,75149.94,1648,South,High
P0649,Phone,Electronics,44954.95,46602.77,Completed,44954.95,1649,West,Medium
P0650,Phone,Electronics,55120.07,52684.97,Pending,55120.07,1650,West,Medium
P0651,Laptop,Electronics,62236.75,53092.93,Pending,62236.75,1651,West,High
P0652,Watch,Accessories,15438.23,14240.74,Pending,15438.23,1652,West,High
P0653,Laptop,Electronics,2825.24,2502.88,Completed,2825.24,1653,West,Medium
P0654,Watch,Accessories,38006.39,34660.76,Pending,38006.39,1654,West,High
P0655,Chair,Furniture,59900.58,54970.26,Completed,59900.58,1655,South,Low
P0656,Chair,Furniture,55446.29,47616.17,Cancelled,55446.29,1656,North,High
P0657,Fan,HomeAppliance,3087.97,2543.44,Completed,3087.97,1657,North,Low
P0658,Laptop,Electronics,42362.33,41254.93,Completed,42362.33,1658,West,High
P0659,Headphones,Electronics,60382.67,50119.15,Completed,60382.67,1659,North,Low
P0660,Fan,HomeAppliance,21848.26,18928.84,Completed,21848.26,1660,North,Low
P0661,Laptop,Electronics,3091.11,2672.16,Completed,3091.11,1661,West,Medium
P0662,Mixer,HomeAppliance,82369.76,75676.69,Completed,82369.76,1662,South,Low
P0663,Watch,Accessories,42875.81,41828.13,Cancelled,42875.81,1663,West,Low
P0664,Keyboard,Electronics,30129.39,31608.52,Pending,30129.39,1664,East,Low
P0665,Bottle,Kitchen,41013.03,36512.13,Pending,41013.03,1665,South,Low
P0666,Table,Furniture,32519.56,30235.26,Completed,32519.56,1666,West,Low
P0667,Headphones,Electronics,26921.35,25092.31,Pending,26921.35,1667,South,Low
P0668,Phone,Electronics,67325.18,67866.44,Completed,67325.18,1668,South,High
P0669,Shirt,Clothing,24769.03,21992.27,Completed,24769.03,1669,North,Medium
P0670,Bottle,Kitchen,37198.81,39058.92,Pending,37198.81,1670,West,Medium
P0671,Laptop,Electronics,13274.28,10958.39,Pending,13274.28,1671,West,Medium
P0672,Laptop,Electronics,73077.83,67377.99,Completed,73077.83,1672,West,Medium
P0673,Keyboard,Electronics,59239.16,53354.6,Pending,59239.16,1673,East,Medium
P0674,Bottle,Kitchen,76096.78,72854.91,Completed,76096.78,1674,South,Low
P0675,Mouse,Electronics,46121.73,37948.01,Pending,46121.73,,East,Medium
P0676,Table,Furniture,47259.77,44616.13,Cancelled,47259.77,1676,South,High
P0677,Watch,Accessories,71027.72,61305.08,Completed,71027.72,1677,West,High
P0678,Phone,Electronics,6353.71,5513.6,Pending,6353.71,1678,West,High
P0679,Mixer,HomeAppliance,72665.85,63804.79,Completed,72665.85,1679,South,High
P0680,Bag,Accessories,3706.84,3727.65,Pending,3706.84,1680,West,High
P0681,Bag,Accessories,9576.69,8011.75,Completed,9576.69,1681,East,High
P0682,Watch,Accessories,35448.27,29886.38,Completed,35448.27,1682,East,Medium
P0683,Fan,HomeAppliance,29644.86,31069.12,Pending,29644.86,1683,North,High
P0684,Mouse,Electronics,30067.81,24799.37,Pending,30067.81,1684,West,Medium
P0685,Fan,HomeAppliance,33267.55,32490.46,Completed,33267.55,1685,East,Low
P0686,Keyboard,Electronics,58377.88,48101.74,Cancelled,58377.88,1686,West,Low
P0687,Shirt,Clothing,20227.44,18107.89,Pending,20227.44,1687,South,High
P0688,Shirt,Clothing,40562.71,35571.4,Cancelled,40562.71,1688,East,Low
P0689,Shoes,Clothing,50032.03,47200.87,Cancelled,50032.03,1689,North,Low
P0690,Bottle,Kitchen,66257.65,60980.18,Cancelled,66257.65,1690,South,Low
P0691,Keyboard,Electronics,39460.47,40623.43,Cancelled,39460.47,1691,North,Medium
P0692,Fan,HomeAppliance,11389.92,9651.37,Completed,11389.92,1692,North,Medium
P0693,Laptop,Electronics,29042.02,24727.42,Completed,29042.02,1693,South,High
P0694,Keyboard,Electronics,75609.85,67514.91,Cancelled,75609.85,1694,East,High
P0695,Fan,HomeAppliance,67236.49,59842.32,Completed,67236.49,1695,South,High
P0696,Headphones,Electronics,56895.87,48342.6,Completed,56895.87,1696,South,Low
P0697,Fan,HomeAppliance,51509.28,53160.59,Completed,51509.28,1697,East,Medium
P0698,Fan,HomeAppliance,66855.86,54015.18,Completed,66855.86,1698,South,Medium
P0699,Chair,Furniture,7759.1,6888.31,Completed,7759.1,1699,East,Low
P0700,Mouse,Electronics,7507.56,6644.0,Cancelled,7507.56,1700,North,High
P0701,Table,Furniture,50774.21,48705.5,Cancelled,50774.21,1701,South,High
P0702,Mixer,HomeAppliance,9947.33,8990.0,Completed,9947.33,1702,West,Low
P0703,Keyboard,Electronics,20622.9,16763.91,Completed,20622.9,1703,South,High
P0704,Shoes,Clothing,77375.71,74248.68,Pending,77375.71,1704,South,Low
P0705,Mouse,Electronics,15656.43,13874.08,Completed,15656.43,1705,West,Medium
P0706,Bottle,Kitchen,16700.71,16758.31,Cancelled,16700.71,1706,East,Medium
P0707,Phone,Electronics,53164.86,50847.0,Pending,53164.86,1707,West,Low
P0708,Watch,Accessories,61631.06,60344.57,Completed,61631.06,1708,North,Low
P0709,Bag,Accessories,30188.47,26794.68,Cancelled,30188.47,,South,High
P0710,Fan,HomeAppliance,86273.22,69682.47,Cancelled,86273.22,,East,Low
P0711,Laptop,Electronics,55182.44,50003.96,Completed,55182.44,,West,Low
P0712,Shoes,Clothing,28902.87,25621.93,Pending,28902.87,1712,West,Low
P0713,Bottle,Kitchen,715.47,632.01,Completed,715.47,1713,West,High
P0714,Chair,Furniture,8351.75,8606.07,Cancelled,8351.75,1714,North,High
P0715,Keyboard,Electronics,42083.41,36920.24,Pending,42083.41,1715,East,Low
P0716,Mixer,HomeAppliance,74957.9,78365.15,Pending,74957.9,1716,South,High
P0717,Mixer,HomeAppliance,57633.86,48697.6,Completed,57633.86,,West,Low
P0718,Shirt,Clothing,23258.38,22453.44,Completed,23258.38,1718,East,Low
P0719,Phone,Electronics,25765.52,26533.77,Completed,25765.52,1719,South,Medium
P0720,Bag,Accessories,51681.08,52747.01,Cancelled,51681.08,1720,West,High
P0721,Table,Furniture,36144.06,34417.26,Cancelled,36144.06,1721,North,Low
P0722,Shirt,Clothing,52645.17,42359.13,Completed,52645.17,1722,West,Medium
P0723,Phone,Electronics,45964.43,38093.77,Pending,45964.43,1723,East,Medium
P0724,Mixer,HomeAppliance,24525.11,24198.97,Pending,24525.11,1724,East,Medium
P0725,Mouse,Electronics,68661.32,63540.03,Completed,68661.32,1725,West,High
P0726,Shirt,Clothing,56174.07,57807.93,Completed,56174.07,1726,East,Medium
P0727,Fan,HomeAppliance,77721.36,67521.42,Completed,77721.36,1727,West,Medium
P0728,Mouse,Electronics,19444.81,17910.39,Cancelled,19444.81,1728,East,High
P0729,Bag,Accessories,42194.01,38243.34,Completed,42194.01,1729,West,Medium
P0730,Shirt,Clothing,12237.92,10300.29,Pending,12237.92,,North,Low
P0731,Fan,HomeAppliance,57070.08,51782.29,Completed,57070.08,1731,East,Medium
P0732,Bag,Accessories,52260.52,43503.52,Cancelled,52260.52,1732,North,Low
P0733,Headphones,Electronics,26575.65,22786.12,Completed,26575.65,1733,South,Low
P0734,Laptop,Electronics,18399.2,16034.82,Cancelled,18399.2,,South,Medium
P0735,Chair,Furniture,26207.64,24741.42,Completed,26207.64,1735,East,Medium
P0736,Laptop,Electronics,67156.82,66910.04,Completed,67156.82,1736,North,Medium
P0737,Shoes,Clothing,12275.64,11694.72,Completed,12275.64,1737,South,Medium
P0738,Bag,Accessories,87565.15,74334.04,Completed,87565.15,1738,West,Low
P0739,Headphones,Electronics,41534.62,33235.22,Completed,41534.62,,East,Medium
P0740,Keyboard,Electronics,14853.75,13803.24,Cancelled,14853.75,1740,East,Medium
P0741,Headphones,Electronics,82739.06,68500.55,Pending,82739.06,1741,North,Medium
P0742,Bag,Accessories,78280.32,78885.68,Completed,78280.32,1742,East,Low
P0743,Bottle,Kitchen,13124.76,11773.25,Completed,13124.76,1743,North,Medium
P0744,Keyboard,Electronics,23289.76,24318.08,Completed,23289.76,1744,East,Medium
P0745,Phone,Electronics,31041.07,29695.42,Pending,31041.07,1745,East,Low
P0746,Mixer,HomeAppliance,33090.53,32953.84,Completed,33090.53,1746,East,High
P0747,Table,Furniture,74325.98,66909.37,Completed,74325.98,1747,North,High
P0748,Watch,Accessories,31131.56,25511.11,Cancelled,31131.56,1748,North,High
P0749,Laptop,Electronics,92612.66,77011.98,Completed,92612.66,1749,North,High
P0750,Chair,Furniture,14634.12,12380.49,Completed,14634.12,1750,West,High
P0751,Table,Furniture,79974.98,73775.59,Completed,79974.98,1751,East,Medium
P0752,Bag,Accessories,57641.26,51163.25,Completed,57641.26,1752,East,Medium
P0753,Bag,Accessories,44685.19,42534.04,Completed,44685.19,,South,High
P0754,Table,Furniture,27203.13,26230.77,Completed,27203.13,1754,West,Low
P0755,Phone,Electronics,15637.93,14203.74,Completed,15637.93,1755,North,High
P0756,Headphones,Electronics,12032.14,10547.39,Completed,12032.14,,West,Medium
P0757,Shoes,Clothing,87080.07,71733.5,Pending,87080.07,1757,East,Low
P0758,Laptop,Electronics,47410.57,44618.28,Completed,47410.57,,West,Low
P0759,Shirt,Clothing,52169.82,45453.12,Completed,52169.82,1759,South,High
P0760,Mouse,Electronics,34323.08,28337.31,Pending,34323.08,1760,North,High
P0761,Headphones,Electronics,26875.69,26462.0,Pending,26875.69,1761,East,Medium
P0762,Bottle,Kitchen,49514.07,40856.12,Completed,49514.07,1762,West,Medium
P0763,Shoes,Clothing,97797.81,79612.41,Pending,97797.81,1763,West,Medium
P0764,Shirt,Clothing,55874.31,58238.36,Completed,55874.31,1764,South,Medium
P0765,Shoes,Clothing,14976.4,12521.83,Pending,14976.4,1765,East,Low
P0766,Phone,Electronics,66600.89,68717.89,Pending,66600.89,1766,North,Medium
P0767,Fan,HomeAppliance,31311.43,31170.46,Completed,31311.43,1767,East,Medium
P0768,Watch,Accessories,18113.16,16288.86,Pending,18113.16,1768,North,Low
P0769,Mixer,HomeAppliance,26907.47,22758.11,Pending,26907.47,1769,South,Low
P0770,Shoes,Clothing,10414.38,8821.64,Completed,10414.38,1770,North,Low
P0771,Phone,Electronics,87221.54,76569.82,Completed,87221.54,1771,East,Low
P0772,Watch,Accessories,26295.11,26813.84,Pending,26295.11,1772,South,High
P0773,Bottle,Kitchen,25922.95,24890.7,Pending,25922.95,1773,West,Low
P0774,Bag,Accessories,54787.61,53521.02,Completed,54787.61,1774,South,Low
P0775,Shirt,Clothing,72239.0,73121.64,Cancelled,72239.0,1775,West,High
P0776,Keyboard,Electronics,16564.25,14666.28,Completed,16564.25,1776,North,Medium
P0777,Mixer,HomeAppliance,36070.01,31187.97,Completed,36070.01,,West,High
P0778,Watch,Accessories,23556.6,21393.35,Completed,23556.6,,South,Low
P0779,Fan,HomeAppliance,46479.59,39585.3,Pending,46479.59,1779,South,High
P0780,Phone,Electronics,31811.45,31892.36,Pending,31811.45,1780,West,Low
P0781,Headphones,Electronics,3784.63,3730.36,Completed,3784.63,1781,East,High
P0782,Table,Furniture,72095.79,75686.03,Pending,72095.79,1782,South,Medium
P0783,Chair,Furniture,30395.55,28578.21,Pending,30395.55,1783,South,Medium
P0784,Bottle,Kitchen,28717.47,29443.1,Completed,28717.47,1784,West,Low
P0785,Bag,Accessories,79431.34,76807.85,Pending,79431.34,1785,East,Low
P0786,Laptop,Electronics,9041.29,8662.57,Cancelled,9041.29,1786,East,Medium
P0787,Fan,HomeAppliance,658.37,624.49,Completed,658.37,1787,North,Medium
P0788,Laptop,Electronics,63942.64,53794.53,Pending,63942.64,1788,North,High
P0789,Bag,Accessories,18617.04,18386.36,Cancelled,18617.04,1789,West,High
P0790,Keyboard,Electronics,89082.35,79595.77,Pending,89082.35,1790,South,Medium
P0791,Shoes,Clothing,42984.55,38412.86,Completed,42984.55,1791,East,Medium
P0792,Keyboard,Electronics,936.91,907.73,Pending,936.91,1792,North,Low
P0793,Watch,Accessories,29338.99,30848.65,Pending,29338.99,1793,South,High
P0794,Laptop,Electronics,48663.04,41658.56,Completed,48663.04,1794,South,Medium
P0795,Mouse,Electronics,63948.17,53305.26,Completed,63948.17,1795,East,Medium
P0796,Watch,Accessories,26759.24,26280.56,Pending,26759.24,1796,West,Low
P0797,Mixer,HomeAppliance,8638.68,7395.85,Completed,8638.68,1797,North,Low
P0798,Laptop,Electronics,30989.9,32280.48,Completed,30989.9,1798,North,Medium
P0799,Bag,Accessories,61841.01,61702.5,Completed,61841.01,1799,West,High
P0800,Bag,Accessories,32101.22,33615.03,Completed,32101.22,1800,East,High
P0801,Shirt,Clothing,11154.7,10694.35,Completed,11154.7,1801,East,High
P0802,Keyboard,Electronics,7120.43,7431.62,Pending,7120.43,1802,West,Low
P0803,Phone,Electronics,39914.82,42005.24,Cancelled,39914.82,1803,North,High
P0804,Phone,Electronics,9566.29,8527.67,Completed,9566.29,1804,North,High
P0805,Headphones,Electronics,65304.11,52647.77,Completed,65304.11,1805,North,Low
P0806,Shoes,Clothing,72822.68,59777.91,Pending,72822.68,1806,South,High
P0807,Mixer,HomeAppliance,81831.1,74108.68,Pending,81831.1,1807,West,Low
P0808,Bottle,Kitchen,28686.19,23256.29,Completed,28686.19,1808,South,High
P0809,Watch,Accessories,25833.44,22507.98,Completed,25833.44,1809,East,Medium
P0810,Watch,Accessories,38210.1,31266.96,Completed,38210.1,1810,North,Low
P0811,Headphones,Electronics,50896.8,49978.19,Pending,50896.8,1811,West,Medium
P0812,Shoes,Clothing,28905.48,24148.79,Completed,28905.48,1812,West,High
P0813,Shoes,Clothing,81360.85,71759.64,Pending,81360.85,1813,East,High
P0814,Mixer,HomeAppliance,80628.39,65286.12,Completed,80628.39,1814,West,Medium
P0815,Chair,Furniture,29642.7,31012.93,Completed,29642.7,1815,West,High
P0816,Keyboard,Electronics,78761.41,64240.64,Completed,78761.41,1816,East,Medium
P0817,Keyboard,Electronics,28008.41,26046.11,Completed,28008.41,,North,Low
P0818,Keyboard,Electronics,48311.09,44439.61,Cancelled,48311.09,1818,South,Low
P0819,Shirt,Clothing,75532.95,78398.19,Cancelled,75532.95,1819,East,High
P0820,Bag,Accessories,42417.1,35028.87,Pending,42417.1,1820,East,High
P0821,Shoes,Clothing,48384.9,46389.49,Completed,48384.9,1821,South,Low
P0822,Bag,Accessories,65652.91,59475.51,Pending,65652.91,,West,Low
P0823,Phone,Electronics,26179.9,23594.15,Completed,26179.9,1823,East,Low
P0824,Bottle,Kitchen,70701.48,58127.95,Pending,70701.48,1824,South,Low
P0825,Keyboard,Electronics,5926.01,4803.79,Cancelled,5926.01,1825,East,Low
P0826,Bag,Accessories,28696.89,29393.61,Pending,28696.89,1826,West,Medium
P0827,Laptop,Electronics,42387.22,36382.27,Cancelled,42387.22,1827,West,Medium
P0828,Shoes,Clothing,10622.99,8540.5,Cancelled,10622.99,1828,East,High
P0829,Headphones,Electronics,79862.52,78146.76,Completed,79862.52,1829,East,High
P0830,Laptop,Electronics,50326.86,51578.68,Cancelled,50326.86,1830,West,Low
P0831,Headphones,Electronics,55095.08,57503.94,Cancelled,55095.08,1831,West,Low
P0832,Shoes,Clothing,76361.73,61912.69,Completed,76361.73,1832,North,Medium
P0833,Shoes,Clothing,25133.69,23069.38,Completed,25133.69,1833,West,High
P0834,Keyboard,Electronics,25829.95,25730.5,Completed,25829.95,1834,East,High
P0835,Shoes,Clothing,56885.54,48484.48,Completed,56885.54,1835,North,High
P0836,Phone,Electronics,10059.31,8414.91,Completed,10059.31,1836,North,Low
P0837,Bottle,Kitchen,12719.35,13301.15,Completed,12719.35,1837,North,Medium
P0838,Shoes,Clothing,14155.63,13583.85,Completed,14155.63,1838,South,Low
P0839,Watch,Accessories,34813.6,36266.79,Completed,34813.6,1839,South,Medium
P0840,Table,Furniture,21580.16,18132.4,Cancelled,21580.16,1840,West,Medium
P0841,Bottle,Kitchen,53325.28,53968.14,Completed,53325.28,1841,West,Low
P0842,Mixer,HomeAppliance,30804.96,25290.23,Completed,30804.96,1842,West,Medium
P0843,Chair,Furniture,71386.71,72353.64,Completed,71386.71,1843,West,High
P0844,Mouse,Electronics,81418.66,68731.23,Pending,81418.66,1844,South,Low
P0845,Shoes,Clothing,33562.61,34215.38,Completed,33562.61,1845,East,High
P0846,Shirt,Clothing,21240.16,22055.96,Cancelled,21240.16,1846,North,Medium
P0847,Mouse,Electronics,6365.07,5574.15,Completed,6365.07,1847,East,High
P0848,Fan,HomeAppliance,69722.07,67320.03,Cancelled,69722.07,1848,North,Low
P0849,Headphones,Electronics,76920.82,74986.79,Completed,76920.82,1849,West,High
P0850,Mouse,Electronics,83660.69,72072.53,Cancelled,83660.69,1850,North,Low
P0851,Fan,HomeAppliance,20298.52,19482.72,Completed,20298.52,1851,East,Medium
P0852,Headphones,Electronics,2464.17,2023.99,Cancelled,2464.17,1852,East,Low
P0853,Shoes,Clothing,71477.16,63023.36,Completed,71477.16,,North,High
P0854,Shirt,Clothing,11278.24,9546.17,Completed,11278.24,1854,North,Medium
P0855,Mixer,HomeAppliance,75937.73,72878.31,Completed,75937.73,1855,South,Low
P0856,Bag,Accessories,17204.97,14704.65,Cancelled,17204.97,1856,South,High
P0857,Shirt,Clothing,87260.6,77729.9,Completed,87260.6,1857,South,High
P0858,Shoes,Clothing,4802.98,3975.32,Cancelled,4802.98,1858,East,Medium
P0859,Fan,HomeAppliance,79143.72,64678.3,Completed,79143.72,1859,West,High
P0860,Bottle,Kitchen,45591.54,36860.26,Pending,45591.54,1860,South,Medium
P0861,Keyboard,Electronics,39649.08,32026.74,Completed,39649.08,1861,North,Low
P0862,Shoes,Clothing,75864.2,70556.03,Completed,75864.2,1862,North,Low
P0863,Fan,HomeAppliance,26229.27,21924.56,Completed,26229.27,1863,East,High
P0864,Chair,Furniture,15030.3,13596.7,Completed,15030.3,1864,North,High
P0865,Watch,Accessories,62664.51,60424.16,Completed,62664.51,1865,East,High
P0866,Headphones,Electronics,34291.66,27475.59,Completed,34291.66,1866,North,Low
P0867,Fan,HomeAppliance,68936.88,56353.66,Cancelled,68936.88,1867,West,Low
P0868,Headphones,Electronics,70206.18,62844.3,Completed,70206.18,1868,East,Medium
P0869,Laptop,Electronics,73284.83,67267.53,Cancelled,73284.83,1869,North,Medium
P0870,Mouse,Electronics,29271.98,28720.84,Completed,29271.98,1870,West,Low
P0871,Table,Furniture,14311.16,13046.11,Completed,14311.16,1871,North,Medium
P0872,Bottle,Kitchen,81056.61,70892.09,Cancelled,81056.61,1872,West,High
P0873,Shoes,Clothing,62647.56,50354.49,Pending,62647.56,1873,East,Low
P0874,Chair,Furniture,13249.6,11062.49,Completed,13249.6,1874,West,High
P0875,Watch,Accessories,31762.06,29134.45,Pending,31762.06,1875,West,Low
P0876,Fan,HomeAppliance,56470.83,50856.16,Completed,56470.83,1876,North,Medium
P0877,Shoes,Clothing,86397.02,76562.73,Completed,86397.02,1877,North,Low
P0878,Laptop,Electronics,84066.33,76596.98,Completed,84066.33,1878,South,Medium
P0879,Watch,Accessories,50475.8,41642.21,Completed,50475.8,1879,East,Medium
P0880,Watch,Accessories,66373.48,63212.56,Completed,66373.48,1880,East,Medium
P0881,Laptop,Electronics,66359.24,54845.53,Pending,66359.24,1881,South,High
P0882,Table,Furniture,79796.39,74788.97,Completed,79796.39,1882,North,Medium
P0883,Shoes,Clothing,5945.49,4897.32,Cancelled,5945.49,1883,West,Medium
P0884,Mixer,HomeAppliance,86053.8,69488.63,Pending,86053.8,1884,North,Low
P0885,Bottle,Kitchen,23108.82,19044.15,Completed,23108.82,1885,East,High
P0886,Mouse,Electronics,9362.0,8222.44,Completed,9362.0,1886,South,Medium
P0887,Bag,Accessories,40207.48,41328.92,Cancelled,40207.48,1887,East,High
P0888,Headphones,Electronics,58424.36,53964.3,Completed,58424.36,1888,South,High
P0889,Keyboard,Electronics,646.78,621.6,Cancelled,646.78,1889,North,Low
P0890,Laptop,Electronics,8800.41,7916.5,Completed,8800.41,1890,North,Medium
P0891,Table,Furniture,29012.06,26997.29,Pending,29012.06,1891,South,Low
P0892,Mouse,Electronics,77213.53,78098.86,Pending,77213.53,1892,West,High
P0893,Shirt,Clothing,34768.43,30454.84,Completed,34768.43,1893,West,Medium
P0894,Keyboard,Electronics,34756.7,29067.42,Pending,34756.7,1894,South,Low
P0895,Shirt,Clothing,60692.53,61605.07,Completed,60692.53,1895,South,High
P0896,Fan,HomeAppliance,26243.0,26795.71,Completed,26243.0,1896,North,Low
P0897,Bottle,Kitchen,58558.73,48601.9,Pending,58558.73,1897,West,Low
P0898,Laptop,Electronics,43678.08,42937.67,Completed,43678.08,1898,South,Low
P0899,Shirt,Clothing,14369.74,13647.23,Completed,14369.74,1899,South,High
P0900,Keyboard,Electronics,18241.48,18446.5,Pending,18241.48,1900,South,High
P0901,Mouse,Electronics,34614.12,34246.57,Cancelled,34614.12,1901,South,High
P0902,Shirt,Clothing,15971.37,14573.06,Pending,15971.37,1902,North,High
P0903,Table,Furniture,88304.45,75373.67,Completed,88304.45,1903,West,Medium
P0904,Watch,Accessories,40935.81,42593.76,Completed,40935.81,1904,East,Medium
P0905,Mixer,HomeAppliance,1939.37,1551.78,Pending,1939.37,1905,West,High
P0906,Shoes,Clothing,49888.58,44366.63,Completed,49888.58,1906,East,High
P0907,Mouse,Electronics,6843.99,6195.04,Completed,6843.99,1907,North,Low
P0908,Table,Furniture,48793.31,39376.64,Pending,48793.31,1908,North,Medium
P0909,Keyboard,Electronics,17014.77,14992.91,Pending,17014.77,1909,East,Medium
P0910,Table,Furniture,81411.96,69710.08,Pending,81411.96,1910,East,Medium
P0911,Mouse,Electronics,2637.3,2460.65,Pending,2637.3,,West,High
P0912,Chair,Furniture,21944.14,19656.64,Completed,21944.14,1912,North,Medium
P0913,Mouse,Electronics,19179.47,17365.86,Completed,19179.47,1913,East,Medium
P0914,Watch,Accessories,44350.32,42807.14,Completed,44350.32,1914,East,Low
P0915,Shirt,Clothing,8540.47,7356.75,Pending,8540.47,1915,West,Medium
P0916,Phone,Electronics,54127.48,51657.75,Completed,54127.48,1916,South,Low
P0917,Laptop,Electronics,50426.92,43432.73,Pending,50426.92,1917,South,High
P0918,Fan,HomeAppliance,76474.05,70618.37,Pending,76474.05,1918,North,Low
P0919,Chair,Furniture,78795.36,67435.5,Pending,78795.36,1919,East,High
P0920,Fan,HomeAppliance,44697.04,39974.27,Completed,44697.04,1920,West,Low
P0921,Keyboard,Electronics,10775.21,9156.74,Pending,10775.21,1921,North,Low
P0922,Table,Furniture,64687.45,59878.9,Pending,64687.45,1922,North,Medium
P0923,Laptop,Electronics,10714.67,10148.89,Cancelled,10714.67,1923,North,Low
P0924,Bottle,Kitchen,14362.92,13000.46,Completed,14362.92,1924,East,High
P0925,Shoes,Clothing,66440.6,65858.59,Completed,66440.6,1925,South,Low
P0926,Keyboard,Electronics,54623.65,49234.86,Pending,54623.65,1926,West,Medium
P0927,Chair,Furniture,63844.38,61626.95,Pending,63844.38,1927,South,Medium
P0928,Shoes,Clothing,15755.63,16561.14,Completed,15755.63,1928,West,Low
P0929,Keyboard,Electronics,7104.03,5710.05,Cancelled,7104.03,1929,West,High
P0930,Keyboard,Electronics,48474.34,42642.18,Completed,48474.34,1930,North,High
P0931,Shoes,Clothing,90569.15,74879.17,Completed,90569.15,1931,South,High
P0932,Chair,Furniture,52697.54,51662.31,Completed,52697.54,1932,East,High
P0933,Shirt,Clothing,8494.98,8089.52,Completed,8494.98,1933,West,Low
P0934,Keyboard,Electronics,17382.45,16626.62,Completed,17382.45,1934,North,High
P0935,Headphones,Electronics,69656.68,66264.79,Cancelled,69656.68,1935,East,Medium
P0936,Shirt,Clothing,36241.35,33192.43,Cancelled,36241.35,1936,West,Low
P0937,Fan,HomeAppliance,54964.58,44835.11,Pending,54964.58,1937,East,High
P0938,Mouse,Electronics,65905.71,65932.37,Completed,65905.71,1938,East,High
P0939,Bag,Accessories,6884.75,6797.86,Completed,6884.75,1939,South,Medium
P0940,Chair,Furniture,17261.03,14944.11,Pending,17261.03,,West,Low
P0941,Bag,Accessories,70890.81,72601.38,Cancelled,70890.81,1941,North,Medium
P0942,Mouse,Electronics,53728.82,48434.75,Pending,53728.82,1942,South,Low
P0943,Bottle,Kitchen,91827.12,74201.91,Pending,91827.12,1943,South,Low
P0944,Laptop,Electronics,36039.31,32749.79,Completed,36039.31,1944,South,Low
P0945,Mixer,HomeAppliance,89849.55,75293.69,Cancelled,89849.55,1945,West,Low
P0946,Keyboard,Electronics,1989.88,1876.13,Completed,1989.88,1946,South,High
P0947,Watch,Accessories,58692.26,53919.98,Completed,58692.26,1947,West,Low
P0948,Mouse,Electronics,65992.27,57924.1,Completed,65992.27,1948,West,High
P0949,Mouse,Electronics,13354.43,12679.19,Cancelled,13354.43,1949,East,Medium
P0950,Mixer,HomeAppliance,42712.17,44732.19,Pending,42712.17,1950,North,Medium
P0951,Watch,Accessories,39966.38,32194.65,Completed,39966.38,1951,South,High
P0952,Shirt,Clothing,68257.1,64435.76,Completed,68257.1,1952,West,Medium
P0953,Mixer,HomeAppliance,83659.54,74845.34,Completed,83659.54,1953,South,Medium
P0954,Watch,Accessories,33386.85,27015.92,Pending,33386.85,1954,South,High
P0955,Table,Furniture,70891.05,68418.33,Completed,70891.05,1955,South,High
P0956,Shoes,Clothing,76845.42,75862.9,Completed,76845.42,1956,North,Medium
P0957,Shoes,Clothing,33569.69,28122.19,Completed,33569.69,1957,West,High
P0958,Laptop,Electronics,72972.05,61182.32,Completed,72972.05,1958,West,Medium
P0959,Chair,Furniture,66201.99,53231.96,Completed,66201.99,1959,South,High
P0960,Mouse,Electronics,74619.7,72369.49,Completed,74619.7,1960,South,High
P0961,Shirt,Clothing,51069.33,46082.94,Cancelled,51069.33,1961,West,Medium
P0962,Laptop,Electronics,2614.22,2262.23,Completed,2614.22,1962,North,Low
P0963,Bag,Accessories,20545.41,21154.02,Completed,20545.41,1963,West,Low
P0964,Phone,Electronics,39381.27,34453.56,Completed,39381.27,1964,East,High
P0965,Headphones,Electronics,70028.53,59056.12,Pending,70028.53,1965,East,High
P0966,Bottle,Kitchen,20424.8,16959.47,Completed,20424.8,1966,West,Medium
P0967,Laptop,Electronics,30905.01,24771.16,Pending,30905.01,,West,High
P0968,Mouse,Electronics,62087.36,50099.82,Completed,62087.36,1968,West,High
P0969,Shirt,Clothing,73260.22,62376.98,Completed,73260.22,1969,East,Low
P0970,Bag,Accessories,36485.2,32664.43,Pending,36485.2,1970,East,High
P0971,Laptop,Electronics,45162.29,36869.74,Cancelled,45162.29,1971,South,High
P0972,Mixer,HomeAppliance,4708.06,3902.57,Completed,4708.06,1972,East,Medium
P0973,Keyboard,Electronics,88459.4,79320.84,Completed,88459.4,1973,South,Medium
P0974,Keyboard,Electronics,50304.3,41603.25,Completed,50304.3,1974,West,Low
P0975,Bag,Accessories,43067.78,38914.01,Completed,43067.78,1975,North,Medium
P0976,Table,Furniture,55489.65,45592.43,Completed,55489.65,1976,South,Medium
P0977,Phone,Electronics,63445.4,61418.89,Completed,63445.4,1977,West,High
P0978,Shoes,Clothing,41597.88,34888.96,Completed,41597.88,1978,East,Medium
P0979,Fan,HomeAppliance,36022.68,29296.49,Completed,36022.68,1979,South,Low
P0980,Watch,Accessories,8839.67,7667.01,Pending,8839.67,1980,East,Medium
P0981,Phone,Electronics,77270.38,70364.49,Completed,77270.38,1981,South,High
P0982,Watch,Accessories,15345.04,13836.93,Cancelled,15345.04,1982,East,Medium
P0983,Bag,Accessories,42313.49,34563.92,Completed,42313.49,1983,South,Low
P0984,Bottle,Kitchen,27413.24,26527.24,Completed,27413.24,1984,South,Low
P0985,Phone,Electronics,44953.58,42182.18,Pending,44953.58,1985,South,Medium
P0986,Watch,Accessories,47065.94,41311.66,Pending,47065.94,1986,West,Low
P0987,Fan,HomeAppliance,61995.0,61184.89,Pending,61995.0,1987,East,Medium
P0988,Fan,HomeAppliance,60133.51,49898.15,Completed,60133.51,1988,East,High
P0989,Bag,Accessories,8875.14,9002.31,Completed,8875.14,1989,West,Low
P0990,Table,Furniture,69677.21,63425.06,Pending,69677.21,1990,North,Medium
P0991,Shoes,Clothing,21762.36,20111.23,Completed,21762.36,1991,East,High
P0992,Keyboard,Electronics,92983.7,78166.02,Pending,92983.7,1992,South,Low
P0993,Mixer,HomeAppliance,33243.91,30774.66,Pending,33243.91,1993,West,High
P0994,Shirt,Clothing,18778.12,16665.46,Pending,18778.12,1994,East,High
P0995,Watch,Accessories,17733.05,15225.62,Cancelled,17733.05,1995,North,Low
P0996,Laptop,Electronics,88890.98,73547.61,Pending,88890.98,1996,East,Medium
P0997,Chair,Furniture,9244.93,8731.33,Pending,9244.93,1997,South,Medium
P0998,Table,Furniture,12647.27,13266.76,Completed,12647.27,1998,West,High
P0999,Fan,HomeAppliance,54284.91,56598.41,Cancelled,54284.91,1999,South,Low
P1000,Headphones,Electronics,55309.83,53204.48,Pending,55309.83,2000,East,Medium
